fuente,nombre,categoria,precio,precio_anterior,url,pagina
JDP4P5,EA SPORTS FC 26 PS4 | PS5,Juegos PS4,34510,82110,https://juegosdigitalesps4ps5.com/productos/ea-sports-fc-26-ps4-ps5/,1
JDP4P5,EA SPORTS FC 25 PS4 | PS5,Juegos PS4,34510,82110,https://juegosdigitalesps4ps5.com/productos/ea-sports-fc-25-ps4-ps5/,1
JDP4P5,EA SPORTS FC 24 PS4 | PS5,Juegos PS4,34510,76160,https://juegosdigitalesps4ps5.com/productos/ea-sports-fc-24-ps4-ps5/,1
JDP4P5,GTA V PS4 | PS5,Juegos PS4,40460,52360,https://juegosdigitalesps4ps5.com/productos/gta-v-ps4-ps5/,1
JDP4P5,GOD OF WAR RAGNAROK PS4 | PS5,Juegos PS4,40460,76160,https://juegosdigitalesps4ps5.com/productos/god-of-war-ragnarok-ps4-ps5/,1
JDP4P5,CALL OF DUTY BLACK OPS 6 PS4 | PS5,Juegos PS4,52360,82110,https://juegosdigitalesps4ps5.com/productos/call-of-duty-black-ops-6-ps4-ps5/,1
JDP4P5,RED DEAD REDEMPTION 2 PS4 | PS5,Juegos PS4,40460,76160,https://juegosdigitalesps4ps5.com/productos/red-dead-redemption-2-ps4-ps5/,1
JDP4P5,CALL OF DUTY MODERN WARFARE 3 PS4 | PS5,Juegos PS4,58310,82110,https://juegosdigitalesps4ps5.com/productos/call-of-duty-modern-warfare-3-ps4-ps5/,1
JDP4P5,CRASH CTR + CRASH BANDICOOT TRILOGY PS4 | PS5,Juegos PS4,40460,82110,https://juegosdigitalesps4ps5.com/productos/crash-ctr-crash-bandicoot-trilogy-ps4-ps5/,1
JDP4P5,EA SPORTS FC 27 PS4 | PS5,Juegos PS4,111860,0,https://juegosdigitalesps4ps5.com/productos/ea-sports-fc-27-ps4-ps5/,1
JDP4P5,RESIDENT EVIL 4 REMAKE PS4 | PS5,Juegos PS4,40460,58310,https://juegosdigitalesps4ps5.com/productos/resident-evil-4-remake-ps4-ps5/,1
JDP4P5,CALL OF DUTY MODERN WARFARE 2 PS4 | PS5,Juegos PS4,40460,82110,https://juegosdigitalesps4ps5.com/productos/call-of-duty-modern-warfare-2-ps4-ps5/,1
JDP4P5,ELDEN RING + SHADOW OF THE ERDTREE PS4 | PS5,Juegos PS4,88060,0,https://juegosdigitalesps4ps5.com/productos/elden-ring-shadow-of-the-erdtree-ps4-ps5/,2
JDP4P5,CALL OF DUTY BLACK OPS 7 PS4 | PS5,Juegos PS4,64260,82110,https://juegosdigitalesps4ps5.com/productos/call-of-duty-black-ops-7-ps4-ps5/,2
JDP4P5,GRAN TURISMO 7 PS4 | PS5,Juegos PS4,40460,76160,https://juegosdigitalesps4ps5.com/productos/gran-turismo-7-ps4-ps5/,2
JDP4P5,CALL OF DUTY BLACK OPS 3 ZOMBIES CHRONICLES EDITION PS4 | PS5,Juegos PS4,285600,0,https://juegosdigitalesps4ps5.com/productos/call-of-duty-black-ops-3-edition-zombies-chronicles-ps4-ps5/,2
JDP4P5,IT TAKES TWO PS4 | PS5,Juegos PS4,34510,58310,https://juegosdigitalesps4ps5.com/productos/it-takes-two-ps4-ps5/,2
JDP4P5,MARVEL SPIDER-MAN PS4 | PS5,Juegos PS4,40460,58310,https://juegosdigitalesps4ps5.com/productos/marvel-spider-man-ps4-ps5/,2
JDP4P5,THE LAST OF US 2 PS4 | PS5,Juegos PS4,58310,70210,https://juegosdigitalesps4ps5.com/productos/the-last-of-us-2-ps4-ps5/,2
JDP4P5,GOD OF WAR 4 PS4 | PS5,Juegos PS4,34510,40460,https://juegosdigitalesps4ps5.com/productos/god-of-war-4-ps4-ps5/,2
JDP4P5,CALL OF DUTY: BLACK OPS 2 PS4 | PS5,Juegos PS4,40460,58310,https://juegosdigitalesps4ps5.com/productos/call-of-duty-black-ops-2-ps4-ps5/,2
JDP4P5,HOGWARTS LEGACY PS4 | PS5,Juegos PS4,34510,82110,https://juegosdigitalesps4ps5.com/productos/hogwarts-legacy-ps4-ps5/,2
JDP4P5,CALL OF DUTY MODERN WARFARE PS4 | PS5,Juegos PS4,285600,0,https://juegosdigitalesps4ps5.com/productos/call-of-duty-modern-warfare-ps4-ps5/,2
JDP4P5,THE LAST OF US REMASTERED PS4 | PS5,Juegos PS4,34510,40460,https://juegosdigitalesps4ps5.com/productos/the-last-of-us-remastered-ps4-ps5/,2
JDP4P5,CRASH TEAM RACING PS4 | PS5,Juegos PS4,34510,58310,https://juegosdigitalesps4ps5.com/productos/crash-team-racing-ps4-ps5/,3
JDP4P5,HORIZON FORBIDDEN WEST PS4 | PS5,Juegos PS4,40460,58310,https://juegosdigitalesps4ps5.com/productos/horizon-forbidden-west-ps4-ps5/,3
JDP4P5,MINECRAFT PS4 | PS5,Juegos PS4,46410,0,https://juegosdigitalesps4ps5.com/productos/minecraft-ps4-ps5/,3
JDP4P5,RESIDENT EVIL REMAKE TRILOGY PS4 | PS5,Juegos PS4,52360,94010,https://juegosdigitalesps4ps5.com/productos/resident-evil-remake-trilogy-ps4-ps5/,3
JDP4P5,FIFA 23 PS4 | PS5,Juegos PS4,34510,76160,https://juegosdigitalesps4ps5.com/productos/fifa-23-ps4-ps5/,3
JDP4P5,GOD OF WAR 3 REMASTERED PS4 | PS5,Juegos PS4,34510,40460,https://juegosdigitalesps4ps5.com/productos/god-of-war-3-remastered-ps4-ps5/,3
JDP4P5,DAYS GONE PS4 | PS5,Juegos PS4,40460,58310,https://juegosdigitalesps4ps5.com/productos/days-gone-ps4-ps5/,3
JDP4P5,GHOST OF TSUSHIMA PS4 | PS5,Juegos PS4,40460,76160,https://juegosdigitalesps4ps5.com/productos/ghost-of-tsushima-ps4-ps5/,3
JDP4P5,MORTAL KOMBAT 11 ULTIMATE + INJUSTICE 2 PS4 | PS5,Juegos PS4,34510,99960,https://juegosdigitalesps4ps5.com/productos/mortal-kombat-11-ultimate-injustice-2-ps4-ps5/,3
JDP4P5,SPIDER-MAN MILES MORALES PS4 | PS5,Juegos PS4,40460,64260,https://juegosdigitalesps4ps5.com/productos/spider-man-miles-morales-ps4-ps5/,3
JDP4P5,GTA THE TRILOGY PS4 | PS5,Juegos PS4,40460,76160,https://juegosdigitalesps4ps5.com/productos/gta-the-trilogy-ps4-ps5/,3
JDP4P5,WWE 2K25 PS4 | PS5,Juegos PS4,34510,82110,https://juegosdigitalesps4ps5.com/productos/wwe-2k25-ps4-ps5/,3
JDP4P5,THE CREW MOTORFEST PS4 | PS5,Juegos PS4,34510,76160,https://juegosdigitalesps4ps5.com/productos/the-crew-motorfest-ps4-ps5/,4
JDP4P5,ELDEN RING PS4 | PS5,Juegos PS4,285600,0,https://juegosdigitalesps4ps5.com/productos/elden-ring-ps4-ps5/,4
JDP4P5,SNOW RUNNER PS4 | PS5,Juegos PS4,40460,58310,https://juegosdigitalesps4ps5.com/productos/snow-runner-ps4-ps5/,4
JDP4P5,NBA 2K26 PS4 | PS5,Juegos PS4,34510,76160,https://juegosdigitalesps4ps5.com/productos/nba-2k26-ps4-ps5/,4
JDP4P5,WWE 2K24 PS4 | PS5,Juegos PS4,34510,82110,https://juegosdigitalesps4ps5.com/productos/wwe-2k24-ps4-ps5/,4
JDP4P5,CYBERPUNK 2077 PS4 | PS5,Juegos PS4,40460,64260,https://juegosdigitalesps4ps5.com/productos/cyberpunk-2077-ps4-ps5/,4
JDP4P5,SEKIRO SHADOWS DIE TWICE PS4 | PS5,Juegos PS4,52360,76160,https://juegosdigitalesps4ps5.com/productos/sekiro-shadows-die-twice-ps4-ps5/,4
JDP4P5,CUPHEAD PS4 | PS5,Juegos PS4,34510,40460,https://juegosdigitalesps4ps5.com/productos/cuphead-ps4-ps5/,4
JDP4P5,DRAGON BALL KAKAROT PS4 | PS5,Juegos PS4,40460,76160,https://juegosdigitalesps4ps5.com/productos/dragon-ball-kakarot-ps4-ps5/,4
JDP4P5,MORTAL KOMBAT 11 ULTIMATE PS4 | PS5,Juegos PS4,34510,76160,https://juegosdigitalesps4ps5.com/productos/mortal-kombat-11-ultimate-ps4-ps5/,4
JDP4P5,GHOST RECON WILDLANDS PS4 | PS5,Juegos PS4,34510,64260,https://juegosdigitalesps4ps5.com/productos/ghost-recon-wildlands-ps4-ps5/,4
JDP4P5,CALL OF DUTY WW2 PS4 | PS5,Juegos PS4,40460,76160,https://juegosdigitalesps4ps5.com/productos/call-of-duty-ww2-ps4-ps5/,4
JDP4P5,HITMAN WORLD OF ASSASSINATION PS4 | PS5,Juegos PS4,52360,82110,https://juegosdigitalesps4ps5.com/productos/hitman-world-of-assassination-ps4-ps5/,5
JDP4P5,CALL OF DUTY COLD WAR PS4 | PS5,Juegos PS4,40460,76160,https://juegosdigitalesps4ps5.com/productos/call-of-duty-cold-war-ps4-ps5/,5
JDP4P5,RESIDENT EVIL 2 REMAKE + RESIDENT EVIL 3 REMAKE PS4 | PS5,Juegos PS4,40460,76160,https://juegosdigitalesps4ps5.com/productos/resident-evil-2-remake-resident-evil-3-remake-ps4-ps5/,5
JDP4P5,MORTAL KOMBAT 11 PS4 | PS5,Juegos PS4,34510,64260,https://juegosdigitalesps4ps5.com/productos/mortal-kombat-11-ps4-ps5/,5
JDP4P5,OVERCOOKED 2 PS4 | PS5,Juegos PS4,34510,46410,https://juegosdigitalesps4ps5.com/productos/overcooked-2-ps4-ps5/,5
JDP4P5,CRASH BANDICOOT TRILOGY PS4 | PS5,Juegos PS4,34510,58310,https://juegosdigitalesps4ps5.com/productos/crash-bandicoot-trilogy-ps4-ps5/,5
JDP4P5,NO MAN´S SKY PS4 | PS5,Juegos PS4,46410,76160,https://juegosdigitalesps4ps5.com/productos/no-mans-sky-ps4-ps5/,5
JDP4P5,CRASH BANDICOOT 4 PS4 | PS5,Juegos PS4,40460,76160,https://juegosdigitalesps4ps5.com/productos/crash-bandicoot-4-ps4-ps5/,5
JDP4P5,NBA 2K25 PS4 | PS5,Juegos PS4,34510,82110,https://juegosdigitalesps4ps5.com/productos/nba-2k25-ps4-ps5/,5
JDP4P5,CUPHEAD + DELICIOUS LAST COURSE DLC PS4 | PS5,Juegos PS4,40460,46410,https://juegosdigitalesps4ps5.com/productos/cuphead-delicious-last-course-dlc-ps4-ps5/,5
JDP4P5,GHOST RECON BREAKPOINT PS4 | PS5,Juegos PS4,34510,76160,https://juegosdigitalesps4ps5.com/productos/ghost-recon-breakpoint-ps4-ps5/,5
JDP4P5,CALL OF DUTY BLACK OPS 4 PS4 | PS5,Juegos PS4,40460,76160,https://juegosdigitalesps4ps5.com/productos/call-of-duty-black-ops-4-ps4-ps5/,5
JDP4P5,RESIDENT EVIL COMBO TRIPLE PACK PS4 | PS5,Juegos PS4,34510,64260,https://juegosdigitalesps4ps5.com/productos/resident-evil-combo-triple-pack-ps4-ps5/,6
JDP4P5,CALL OF DUTY VANGUARD PS4 | PS5,Juegos PS4,40460,82110,https://juegosdigitalesps4ps5.com/productos/call-of-duty-vanguard-ps4-ps5/,6
JDP4P5,ASSASSIN´S CREED VALHALLA PS4 | PS5,Juegos PS4,34510,76160,https://juegosdigitalesps4ps5.com/productos/assassins-creed-valhalla-ps4-ps5/,6
JDP4P5,DIABLO IV PS4 | PS5,Juegos PS4,46410,64260,https://juegosdigitalesps4ps5.com/productos/diablo-iv-ps4-ps5/,6
JDP4P5,ASSASSIN'S CREED TRIPLE PACK PS4 | PS5,Juegos PS4,58310,105910,https://juegosdigitalesps4ps5.com/productos/assassins-creed-triple-pack-ps4-ps5/,6
JDP4P5,NARUTO SHIPPUDEN STORM 4 PS4 | PS5,Juegos PS4,34510,40460,https://juegosdigitalesps4ps5.com/productos/naruto-shippuden-storm-4-ps4-ps5/,6
JDP4P5,RESIDENT EVIL VILLAGE PS4 | PS5,Juegos PS4,40460,58310,https://juegosdigitalesps4ps5.com/productos/resident-evil-village-ps4-ps5/,6
JDP4P5,LIES OF P PS4 | PS5,Juegos PS4,52360,76160,https://juegosdigitalesps4ps5.com/productos/lies-of-p-ps4-ps5/,6
JDP4P5,NBA 2K24 PS4 | PS5,Juegos PS4,34510,76160,https://juegosdigitalesps4ps5.com/productos/nba-2k24-ps4-ps5/,6
JDP4P5,MAFIA TRILOGY PS4 | PS5,Juegos PS4,34510,76160,https://juegosdigitalesps4ps5.com/productos/mafia-trilogy-ps4-ps5/,6
JDP4P5,UNCHARTED 4 + UNCHARTED THE LOST LEGACY PS4 | PS5,Juegos PS4,190400,0,https://juegosdigitalesps4ps5.com/productos/uncharted-4-uncharted-the-lost-legacy-ps4-ps5/,6
JDP4P5,NEED FOR SPEED HEAT PS4 | PS5,Juegos PS4,34510,76160,https://juegosdigitalesps4ps5.com/productos/nfs-heat-ps4-ps5/,6
JDP4P5,FAR CRY 6 PS4 | PS5,Juegos PS4,34510,76160,https://juegosdigitalesps4ps5.com/productos/far-cry-6-ps4-ps5/,7
JDP4P5,RIDE 4 PS4 | PS5,Juegos PS4,34510,58310,https://juegosdigitalesps4ps5.com/productos/ride-4-ps4-ps5/,7
JDP4P5,A WAY OUT PS4 | PS5,Juegos PS4,34510,52360,https://juegosdigitalesps4ps5.com/productos/a-way-out-ps4-ps5/,7
JDP4P5,PES 19 PS4 | PS5,Juegos PS4,34510,76160,https://juegosdigitalesps4ps5.com/productos/pes-19-ps4-ps5/,7
JDP4P5,RESIDENT EVIL 7 BIOHAZARD PS4 | PS5,Juegos PS4,34510,40460,https://juegosdigitalesps4ps5.com/productos/resident-evil-7-biohazard-ps4-ps5/,7
JDP4P5,BATMAN ARKHAM COLLECTION PS4 | PS5,Juegos PS4,34510,76160,https://juegosdigitalesps4ps5.com/productos/batman-arkham-collection-ps4-ps5/,7
JDP4P5,ASSASSIN´S CREED MIRAGE PS4 | PS5,Juegos PS4,40460,64260,https://juegosdigitalesps4ps5.com/productos/assassins-creed-mirage-ps4-ps5/,7
JDP4P5,DARK SOULS 3 PS4 | PS5,Juegos PS4,52360,76160,https://juegosdigitalesps4ps5.com/productos/dark-souls-3-ps4-ps5/,7
JDP4P5,DEMON SLAYER PS4 | PS5,Juegos PS4,40460,76160,https://juegosdigitalesps4ps5.com/productos/demon-slayer-ps4-ps5/,7
JDP4P5,UNCHARTED 4 PS4 | PS5,Juegos PS4,34510,76160,https://juegosdigitalesps4ps5.com/productos/uncharted-4-ps4-ps5/,7
JDP4P5,UNCHARTED THE NATHAN DRAKE COLLECTION PS4 | PS5,Juegos PS4,34510,40460,https://juegosdigitalesps4ps5.com/productos/uncharted-the-nathan-drake-collection-ps4-ps5/,7
JDP4P5,WWE 2K23 PS4 | PS5,Juegos PS4,34510,76160,https://juegosdigitalesps4ps5.com/productos/wwe-2k23-ps4-ps5/,7
JDP4P5,CALL OF DUTY GHOST PS4 | PS5,Juegos PS4,40460,76160,https://juegosdigitalesps4ps5.com/productos/call-of-duty-ghost-ps4-ps5/,8
JDP4P5,DRAGON BALL XENOVERSE 2 PS4 | PS5,Juegos PS4,34510,40460,https://juegosdigitalesps4ps5.com/productos/dragon-ball-xenoverse-2-ps4-ps5/,8
JDP4P5,JUMP FORCE PS4 | PS5,Juegos PS4,34510,76160,https://juegosdigitalesps4ps5.com/productos/jump-force-ps4-ps5/,8
JDP4P5,NARUTO SHIPPUDEN ROAD TO BORUTO STORM 4 PS4 | PS5,Juegos PS4,238000,0,https://juegosdigitalesps4ps5.com/productos/naruto-shippuden-road-to-boruto-storm-4-ps4-ps5/,8
JDP4P5,WATCH DOGS 1 + WATCH DOGS 2 PS4 | PS5,Juegos PS4,285600,0,https://juegosdigitalesps4ps5.com/productos/watch-dogs-1-watch-dogs-2-ps4-ps5/,8
JDP4P5,BLOODBORNE PS4 | PS5,Juegos PS4,34510,40460,https://juegosdigitalesps4ps5.com/productos/bloodborne-ps4-ps5/,8
JDP4P5,FIFA 18 PS4 | PS5,Juegos PS4,34510,76160,https://juegosdigitalesps4ps5.com/productos/fifa-18-ps4-ps5/,8
JDP4P5,THE CREW 2 PS4 | PS5,Juegos PS4,34510,52360,https://juegosdigitalesps4ps5.com/productos/the-crew-2-ps4-ps5/,8
JDP4P5,SNIPER ELITE 5 PS4 | PS5,Juegos PS4,285600,0,https://juegosdigitalesps4ps5.com/productos/sniper-elite-5-ps4-ps5/,8
JDP4P5,HORIZON ZERO DAWN PS4 | PS5,Juegos PS4,40460,76160,https://juegosdigitalesps4ps5.com/productos/horizon-zero-dawn-ps4-ps5/,8
JDP4P5,F1 24 PS4 | PS5,Juegos PS4,34510,82110,https://juegosdigitalesps4ps5.com/productos/f1-24-ps4-ps5/,8
JDP4P5,FIFA 22 PS4 | PS5,Juegos PS4,34510,76160,https://juegosdigitalesps4ps5.com/productos/fifa-22-ps4-ps5/,8
JDP4P5,DRAGON BALL FIGHTERZ PS4 | PS5,Juegos PS4,34510,76160,https://juegosdigitalesps4ps5.com/productos/dragon-ball-fighterz-ps4-ps5/,9
JDP4P5,NEED FOR SPEED PS4 | PS5,Juegos PS4,34510,40460,https://juegosdigitalesps4ps5.com/productos/need-for-speed-ps4-ps5/,9
JDP4P5,PES 18 PS4 | PS5,Juegos PS4,34510,76160,https://juegosdigitalesps4ps5.com/productos/pes-18-ps4-ps5/,9
JDP4P5,ELDEN RING NIGHTREIGN PS4 | PS5,Juegos PS4,52360,58310,https://juegosdigitalesps4ps5.com/productos/elden-ring-nightreign-ps4-ps5/,9
JDP4P5,DEVIL MAY CRY 5 PS4 | PS5,Juegos PS4,34510,52360,https://juegosdigitalesps4ps5.com/productos/devil-may-cry-5-ps4-ps5/,9
JDP4P5,THE FOREST PS4 | PS5,Juegos PS4,34510,40460,https://juegosdigitalesps4ps5.com/productos/the-forest-ps4-ps5/,9
JDP4P5,ARK SURVIVAL EVOLVED PS4 | PS5,Juegos PS4,34510,40460,https://juegosdigitalesps4ps5.com/productos/ark-survival-evolved-ps4-ps5/,9
JDP4P5,ASSASSIN´S CREED ODYSSEY PS4 | PS5,Juegos PS4,34510,76160,https://juegosdigitalesps4ps5.com/productos/assassins-creed-odyssey-ps4-ps5/,9
JDP4P5,F1 2023 PS4 | PS5,Juegos PS4,34510,76160,https://juegosdigitalesps4ps5.com/productos/f1-2023-ps4-ps5/,9
JDP4P5,DETROIT BECOME HUMAN PS4 | PS5,Juegos PS4,34510,40460,https://juegosdigitalesps4ps5.com/productos/detroit-become-human-ps4-ps5/,9
JDP4P5,THE WITCHER 3 WILD HUNT PS4 | PS5,Juegos PS4,46410,70210,https://juegosdigitalesps4ps5.com/productos/the-witcher-3-wild-hunt-ps4-ps5/,9
JDP4P5,MOTOGP 25 PS4 | PS5,Juegos PS4,34510,82110,https://juegosdigitalesps4ps5.com/productos/motogp-25-ps4-ps5/,9
JDP4P5,ASSASSIN'S CREED ORIGINS PS4 | PS5,Juegos PS4,34510,76160,https://juegosdigitalesps4ps5.com/productos/assassins-creed-origins-ps4-ps5/,10
JDP4P5,CALL OF DUTY INFINITE WARFARE PS4 | PS5,Juegos PS4,40460,76160,https://juegosdigitalesps4ps5.com/productos/call-of-duty-infinite-warfare-ps4-ps5/,10
JDP4P5,LIES OF P: OVERTURE BUNDLE PS4 | PS5,Juegos PS4,76160,94010,https://juegosdigitalesps4ps5.com/productos/lies-of-p-overture-bundle-ps4-ps5/,10
JDP4P5,UFC 4 PS4 | PS5,Juegos PS4,34510,76160,https://juegosdigitalesps4ps5.com/productos/ufc-4-ps4-ps5/,10
JDP4P5,RIDERS REPUBLIC PS4 | PS5,Juegos PS4,46410,70210,https://juegosdigitalesps4ps5.com/productos/riders-republic-ps4-ps5/,10
JDP4P5,FAR CRY 5 PS4 | PS5,Juegos PS4,34510,76160,https://juegosdigitalesps4ps5.com/productos/far-cry-5-ps4-ps5/,10
JDP4P5,WATCH DOGS 2 PS4 | PS5,Juegos PS4,34510,64260,https://juegosdigitalesps4ps5.com/productos/watch-dogs-2-ps4-ps5/,10
JDP4P5,GANG BEASTS PS4 | PS5,Juegos PS4,34510,40460,https://juegosdigitalesps4ps5.com/productos/gans-beasts-ps4-ps5/,10
JDP4P5,DEMON SLAYER 2 PS4 | PS5,Juegos PS4,46410,76160,https://juegosdigitalesps4ps5.com/productos/demon-slayer-2-ps4-ps5/,10
JDP4P5,CAPTAIN TSUBASA PS4 | PS5,Juegos PS4,34510,58310,https://juegosdigitalesps4ps5.com/productos/captain-tsubasa-ps4-ps5/,10
JDP4P5,DOOM ETERNAL PS4 | PS5,Juegos PS4,34510,58310,https://juegosdigitalesps4ps5.com/productos/doom-eternal-ps4-ps5/,10
JDP4P5,STREET FIGHTER 6 PS4 | PS5,Juegos PS4,40460,58310,https://juegosdigitalesps4ps5.com/productos/street-fighter-6-ps4-ps5/,10
JDP4P5,JURASSIC WORLD EVOLUTION 2 PS4 | PS5,Juegos PS4,52360,88060,https://juegosdigitalesps4ps5.com/productos/jurassic-world-evolution-2-ps4-ps5/,11
JDP4P5,CALL OF DUTY MODERN WARFARE REMASTERED PS4 | PS5,Juegos PS4,34510,58310,https://juegosdigitalesps4ps5.com/productos/call-of-duty-modern-warfare-remastered-ps4-ps5/,11
JDP4P5,DARK SOULS REMASTERED PS4 | PS5,Juegos PS4,40460,58310,https://juegosdigitalesps4ps5.com/productos/dark-souls-remastered-ps4-ps5/,11
JDP4P5,MORTAL KOMBAT XL PS4 | PS5,Juegos PS4,34510,40460,https://juegosdigitalesps4ps5.com/productos/mortal-kombat-xl-ps4-ps5/,11
JDP4P5,PES 2021 PS4 | PS5,Juegos PS4,34510,76160,https://juegosdigitalesps4ps5.com/productos/pes-2021-ps4-ps5/,11
JDP4P5,PES 17 PS4 | PS5,Juegos PS4,34510,76160,https://juegosdigitalesps4ps5.com/productos/pes-17-ps4-ps5/,11
JDP4P5,CALL OF DUTY ADVANCED WARFARE PS4 | PS5,Juegos PS4,40460,64260,https://juegosdigitalesps4ps5.com/productos/call-of-duty-advanced-warfare-ps4-ps5/,11
JDP4P5,METRO SAGA BUNDLE PS4 | PS5,Juegos PS4,34510,76160,https://juegosdigitalesps4ps5.com/productos/metro-saga-bundle-ps4-ps5/,11
JDP4P5,TRUCK DRIVER PS4 | PS5,Juegos PS4,40460,52360,https://juegosdigitalesps4ps5.com/productos/truck-driver-ps4-ps5/,11
JDP4P5,FIFA 19 PS4 | PS5,Juegos PS4,34510,76160,https://juegosdigitalesps4ps5.com/productos/fifa-19-ps4-ps5/,11
JDP4P5,SNIPER ELITE RESISTANCE PS4 | PS5,Juegos PS4,40460,76160,https://juegosdigitalesps4ps5.com/productos/sniper-elite-resistance-ps4-ps5/,11
JDP4P5,INFAMOUS SECOND SON PS4 | PS5,Juegos PS4,34510,40460,https://juegosdigitalesps4ps5.com/productos/infamous-second-son-ps4-ps5/,11
JDP4P5,CALL OF DUTY: BLACK OPS PS4 | PS5,Juegos PS4,40460,58310,https://juegosdigitalesps4ps5.com/productos/call-of-duty-black-ops-ps4-ps5/,12
JDP4P5,LITTLE NIGHTMARES 3 PS4 | PS5,Juegos PS4,40460,58310,https://juegosdigitalesps4ps5.com/productos/little-nightmares-3-ps4-ps5/,12
JDP4P5,RESIDENT EVIL 2 REMAKE PS4 | PS5,Juegos PS4,34510,58310,https://juegosdigitalesps4ps5.com/productos/resident-evil-2-remake-ps4-ps5/,12
JDP4P5,MLB THE SHOW 24 PS4 | PS5,Juegos PS4,34510,58310,https://juegosdigitalesps4ps5.com/productos/mlb-the-show-24-ps4-ps5/,12
JDP4P5,ACE COMBAT 7 SKIES UNKNOWN PS4 | PS5,Juegos PS4,34510,40460,https://juegosdigitalesps4ps5.com/productos/ace-combat-7-skies-unknown-ps4-ps5/,12
JDP4P5,ANCESTORS PS4 | PS5,Juegos PS4,34510,58310,https://juegosdigitalesps4ps5.com/productos/ancestors-ps4-ps5/,12
JDP4P5,F1 2021 PS4 | PS5,Juegos PS4,34510,76160,https://juegosdigitalesps4ps5.com/productos/f1-2021-ps4-ps5/,12
JDP4P5,FIFA 20 PS4 | PS5,Juegos PS4,34510,76160,https://juegosdigitalesps4ps5.com/productos/fifa-20-ps4-ps5/,12
JDP4P5,FIFA 21 PS4 | PS5,Juegos PS4,34510,76160,https://juegosdigitalesps4ps5.com/productos/fifa-21-ps4-ps5/,12
JDP4P5,RESIDENT EVIL 6 PS4 | PS5,Juegos PS4,34510,40460,https://juegosdigitalesps4ps5.com/productos/resident-evil-6-ps4-ps5/,12
JDP4P5,BULLY PS4 | PS5,Juegos PS4,46410,52360,https://juegosdigitalesps4ps5.com/productos/bully-ps4-ps5/,12
JDP4P5,FIVE NIGHTS AT FREDDY´S: SECURITY BREACH PS4 | PS5,Juegos PS4,34510,58310,https://juegosdigitalesps4ps5.com/productos/five-nights-at-freddys-security-breach-ps4-ps5/,12
JDP4P5,METAL SLUG ANTHOLOGY PS4 | PS5,Juegos PS4,119000,0,https://juegosdigitalesps4ps5.com/productos/metal-slug-anthology-ps4-ps5/,13
JDP4P5,RESIDENT EVIL 5 PS4 | PS5,Juegos PS4,46410,58310,https://juegosdigitalesps4ps5.com/productos/resident-evil-5-ps4-ps5/,13
JDP4P5,TEKKEN 7 PS4 | PS5,Juegos PS4,34510,64260,https://juegosdigitalesps4ps5.com/productos/tekken-7-ps4-ps5/,13
JDP4P5,STRAY PS4 | PS5,Juegos PS4,40460,52360,https://juegosdigitalesps4ps5.com/productos/stray-ps4-ps5/,13
JDP4P5,MONSTER HUNTER WORLD PS4 | PS5,Juegos PS4,34510,40460,https://juegosdigitalesps4ps5.com/productos/monster-hunter-world-ps4-ps5/,13
JDP4P5,MAFIA DEFINITIVE EDITION PS4 | PS5,Juegos PS4,34510,58310,https://juegosdigitalesps4ps5.com/productos/mafia-definitive-edition-ps4-ps5/,13
JDP4P5,DEAD ISLAND 2 PS4 | PS5,Juegos PS4,40460,64260,https://juegosdigitalesps4ps5.com/productos/dead-island-2-ps4-ps5/,13
JDP4P5,RED DEAD REDEMPTION PS4 | PS5,Juegos PS4,46410,64260,https://juegosdigitalesps4ps5.com/productos/red-dead-redemption-ps4-ps5/,13
JDP4P5,CALL OF DUTY: BLACK OPS 3 PS4 | PS5,Juegos PS4,34510,76160,https://juegosdigitalesps4ps5.com/productos/call-of-duty-black-ops-3-ps4-ps5/,13
JDP4P5,THE ELDER SCROLLS V: SKYRIM PS4 | PS5,Juegos PS4,34510,76160,https://juegosdigitalesps4ps5.com/productos/the-elder-scrolls-v-skyrim-ps4-ps5/,13
JDP4P5,UNRAVEL 1 + UNRAVEL 2 PS4 | PS5,Juegos PS4,34510,52360,https://juegosdigitalesps4ps5.com/productos/unravel-1-unravel-2-ps4-ps5/,13
JDP4P5,ONE PIECE PIRATE WARRIORS 4 PS4 | PS5,Juegos PS4,238000,0,https://juegosdigitalesps4ps5.com/productos/one-piece-pirate-warriors-4-ps4-ps5/,13
JDP4P5,LITTLE NIGHTMARES 2 PS4 | PS5,Juegos PS4,34510,52360,https://juegosdigitalesps4ps5.com/productos/little-nightmares-2-ps4-ps5/,14
JDP4P5,F1 2022 PS4 | PS5,Juegos PS4,34510,76160,https://juegosdigitalesps4ps5.com/productos/f1-2022-ps4-ps5/,14
JDP4P5,BATTLEFIELD V PS4 | PS5,Juegos PS4,34510,58310,https://juegosdigitalesps4ps5.com/productos/battlefield-v-ps4-ps5/,14
JDP4P5,EA SPORTS MADDEN NFL 25 PS4 | PS5,Juegos PS4,34510,88060,https://juegosdigitalesps4ps5.com/productos/ea-sports-madden-nfl-25-ps4-ps5/,14
JDP4P5,UNTIL DAWN [ 2015 ] PS4 | PS5,Juegos PS4,34510,40460,https://juegosdigitalesps4ps5.com/productos/until-dawn-2015-ps4-ps5/,14
JDP4P5,FAR CRY PRIMAL PS4 | PS5,Juegos PS4,34510,52360,https://juegosdigitalesps4ps5.com/productos/far-cry-primal-ps4-ps5/,14
JDP4P5,MLB THE SHOW 23 PS4 | PS5,Juegos PS4,34510,76160,https://juegosdigitalesps4ps5.com/productos/mlb-the-show-23-ps4-ps5/,14
JDP4P5,DARK SOULS 2 PS4 | PS5,Juegos PS4,40460,58310,https://juegosdigitalesps4ps5.com/productos/dark-souls-2-ps4-ps5/,14
JDP4P5,CRASH TEAM RACING NITRO FUELED + SPYRO TRILOGY PS4 | PS5,Juegos PS4,46410,82110,https://juegosdigitalesps4ps5.com/productos/crash-team-racing-nitro-fueled-spyro-trilogy-ps4-ps5/,14
JDP4P5,ASSASSIN'S CREED UNITY PS4 | PS5,Juegos PS4,46410,64260,https://juegosdigitalesps4ps5.com/productos/assassins-creed-unity-ps4-ps5/,14
JDP4P5,RESIDENT EVIL 4 PS4 | PS5,Juegos PS4,34510,40460,https://juegosdigitalesps4ps5.com/productos/resident-evil-4-ps4-ps5/,14
JDP4P5,SIFU PS4 | PS5,Juegos PS4,34510,58310,https://juegosdigitalesps4ps5.com/productos/sifu-ps4-ps5/,14
JDP4P5,PLANTAS VS ZOMBIES BATTLE FOR NEIGHBORVILLE PS4 | PS5,Juegos PS4,34510,40460,https://juegosdigitalesps4ps5.com/productos/plantas-vs-zombies-battle-for-neighborville-ps4-ps5/,15
JDP4P5,SUBNAUTICA BELOW ZERO PS4 | PS5,Juegos PS4,34510,52360,https://juegosdigitalesps4ps5.com/productos/subnautica-below-zero-ps4-ps5/,15
JDP4P5,NEED FOR SPEED PAYBACK PS4 | PS5,Juegos PS4,34510,40460,https://juegosdigitalesps4ps5.com/productos/need-for-speed-payback-ps4-ps5/,15
JDP4P5,THE CALLISTO PROTOCOL PS4 | PS5,Juegos PS4,34510,76160,https://juegosdigitalesps4ps5.com/productos/the-callisto-protocol-ps4-ps5/,15
JDP4P5,MOTOGP 22 PS4 | PS5,Juegos PS4,34510,88060,https://juegosdigitalesps4ps5.com/productos/motogp-22-ps4-ps5/,15
JDP4P5,DAYZ PS4 | PS5,Juegos PS4,46410,76160,https://juegosdigitalesps4ps5.com/productos/day-z-ps4-ps5/,15
JDP4P5,TONY HAWK'S PRO SKATER 1 + 2 PS4 | PS5,Juegos PS4,34510,58310,https://juegosdigitalesps4ps5.com/productos/tony-hawks-pro-skater-1-2-ps4-ps5/,15
JDP4P5,OUTLAST 2 PS4 | PS5,Juegos PS4,34510,40460,https://juegosdigitalesps4ps5.com/productos/outlas-2-ps4-ps5/,15
JDP4P5,WRC 10 PS4 | PS5,Juegos PS4,46410,82110,https://juegosdigitalesps4ps5.com/productos/wrc-10-ps4-ps5/,15
JDP4P5,UFC 2 PS4 | PS5,Juegos PS4,34510,76160,https://juegosdigitalesps4ps5.com/productos/ufc-2-ps4-ps5/,15
JDP4P5,TOUR DE FRANCE 2023 PS4 | PS5,Juegos PS4,46410,70210,https://juegosdigitalesps4ps5.com/productos/tour-de-france-2023-ps4-ps5/,15
JDP4P5,MAFIA 3 PS4 | PS5,Juegos PS4,46410,64260,https://juegosdigitalesps4ps5.com/productos/mafia-lll-ps4-ps5/,15
JDP4P5,MORTAL KOMBAT X PS4 | PS5,Juegos PS4,34510,40460,https://juegosdigitalesps4ps5.com/productos/mortal-kombat-x-ps4-ps5/,16
JDP4P5,UNRAVEL TWO PS4 | PS5,Juegos PS4,34510,40460,https://juegosdigitalesps4ps5.com/productos/unravel-two-ps4-ps5/,16
JDP4P5,DYING LIGHT 2 PS4 | PS5,Juegos PS4,34510,76160,https://juegosdigitalesps4ps5.com/productos/dying-light-2-ps4-ps5/,16
JDP4P5,NBA 2K23 PS4 | PS5,Juegos PS4,34510,76160,https://juegosdigitalesps4ps5.com/productos/nba-2k23-ps4-ps5/,16
JDP4P5,RAYMAN LEGENDS PS4 | PS5,Juegos PS4,34510,40460,https://juegosdigitalesps4ps5.com/productos/rayman-legends-ps4-ps5/,16
JDP4P5,DEAD BY DAYLIGHT PS4 | PS5,Juegos PS4,34510,52360,https://juegosdigitalesps4ps5.com/productos/dead-by-daylight-ps4-ps5/,16
JDP4P5,RESIDENT EVIL 3 REMAKE PS4 | PS5,Juegos PS4,34510,58310,https://juegosdigitalesps4ps5.com/productos/resident-evil-3-remake-ps4-ps5/,16
JDP4P5,WORLD WAR Z PS4 | PS5,Juegos PS4,40460,52360,https://juegosdigitalesps4ps5.com/productos/world-war-z-ps4-ps5/,16
JDP4P5,LITTLE NIGHTMARES PS4 | PS5,Juegos PS4,34510,40460,https://juegosdigitalesps4ps5.com/productos/little-nightmares-ps4-ps5/,16
JDP4P5,GRAN TURISMO SPORT PS4 | PS5,Juegos PS4,34510,76160,https://juegosdigitalesps4ps5.com/productos/gran-turismo-sport-ps4-ps5/,16
JDP4P5,PLANTS VS. ZOMBIES GARDEN WARFARE 2 PS4 | PS5,Juegos PS4,46410,58310,https://juegosdigitalesps4ps5.com/productos/plants-vs-zombies-garden-warfare-2-ps4-ps5/,16
JDP4P5,NEED FOR SPEED RIVALS PS4 | PS5,Juegos PS4,119000,0,https://juegosdigitalesps4ps5.com/productos/need-for-speed-rivals-ps4-ps5/,16
JDP4P5,BATTLEFIELD 2042 PS4 | PS5,Juegos PS4,285600,0,https://juegosdigitalesps4ps5.com/productos/battlefield-2042-ps4-ps5/,17
JDP4P5,OUTLAST PS4 | PS5,Juegos PS4,46410,52360,https://juegosdigitalesps4ps5.com/productos/outlast-ps4-ps5/,17
JDP4P5,F1 2018 PS4 | PS5,Juegos PS4,34510,76160,https://juegosdigitalesps4ps5.com/productos/f1-2018-ps4-ps5/,17
JDP4P5,HITMAN 2 PS4 | PS5,Juegos PS4,34510,76160,https://juegosdigitalesps4ps5.com/productos/hitman-2-ps4-ps5/,17
JDP4P5,RESIDENT EVIL 2 REVELATIONS PS4 | PS5,Juegos PS4,119000,0,https://juegosdigitalesps4ps5.com/productos/resident-evil-2-revelations-ps4-ps5/,17
JDP4P5,BATTLEFIELD 1 PS4 | PS5,Juegos PS4,34510,40460,https://juegosdigitalesps4ps5.com/productos/battlefield-1-ps4-ps5/,17
JDP4P5,BATMAN ARKHAM KNIGHT PS4 | PS5,Juegos PS4,34510,40460,https://juegosdigitalesps4ps5.com/productos/batman-arkham-knight-ps4-ps5/,17
JDP4P5,THE EVIL WITHIN 2 PS4 | PS5,Juegos PS4,34510,58310,https://juegosdigitalesps4ps5.com/productos/the-evil-within-2-ps4-ps5/,17
JDP4P5,MORTAL KOMBAT 11 ULTIMATE + GHOST RECON BREAKPOINT DELUXE EDITION + THE WITCHER 3 WILD HUNT + CRASH CTR + CRASH BANDICOOT TRILOGY PS4 | PS5,Juegos PS4,64260,0,https://juegosdigitalesps4ps5.com/productos/mortal-kombat-11-ultimate-ghost-recon-breakpoint-deluxe-edition-the-witcher-3-wild-hunt-crash-ctr-crash-bandicoot-trilogy-ps4-ps5/,17
JDP4P5,SHADOW OF THE TOMB RAIDER PS4 | PS5,Juegos PS4,34510,76160,https://juegosdigitalesps4ps5.com/productos/shadow-of-the-tomb-raider-ps4-ps5/,17
JDP4P5,MIDDLE-EARTH: SHADOW OF WAR PS4 | PS5,Juegos PS4,34510,64260,https://juegosdigitalesps4ps5.com/productos/middle-earth-shadow-of-war-ps4-ps5/,17
JDP4P5,THE EVIL WITHIN PS4 | PS5,Juegos PS4,34510,40460,https://juegosdigitalesps4ps5.com/productos/the-evil-within-ps4-ps5/,17
JDP4P5,NEED FOR SPEED BUNDLE PS4 | PS5,Juegos PS4,34510,76160,https://juegosdigitalesps4ps5.com/productos/need-for-speed-bundle-ps4-ps5/,18
JDP4P5,FAR CRY 4 PS4 | PS5,Juegos PS4,34510,40460,https://juegosdigitalesps4ps5.com/productos/far-cry-4-ps4-ps5/,18
JDP4P5,WWE 2K22 PS4 | PS5,Juegos PS4,34510,76160,https://juegosdigitalesps4ps5.com/productos/wwe-2k22-ps4-ps5/,18
JDP4P5,HOT WHEELS UNLEASHED 2 PS4 | PS5,Juegos PS4,34510,64260,https://juegosdigitalesps4ps5.com/productos/hot-wheels-unleashed-2-ps4-ps5/,18
JDP4P5,SHADOW OF THE COLOSSUS PS4 | PS5,Juegos PS4,46410,58310,https://juegosdigitalesps4ps5.com/productos/shadow-of-the-colossus-ps4-ps5/,18
JDP4P5,SLEEPING DOGS DEFINITIVE EDITION PS4 | PS5,Juegos PS4,46410,64260,https://juegosdigitalesps4ps5.com/productos/sleeping-dogs-definitive-edition-ps4-ps5/,18
JDP4P5,BATTLEFIELD 4 PS4 | PS5,Juegos PS4,34510,40460,https://juegosdigitalesps4ps5.com/productos/battlefield-4-ps4-ps5/,18
JDP4P5,DIABLO 3 ETERNAL COLLECTION PS4 | PS5,Juegos PS4,34510,76160,https://juegosdigitalesps4ps5.com/productos/diablo-eternal-collection-ps4-ps5/,18
JDP4P5,CUPHEAD + DELICIOUS LAST COURSE DLC + UNRAVEL TWO + OVERCOOKED 2 + IT TAKES TWO PS4 | PS5,Juegos PS4,76160,0,https://juegosdigitalesps4ps5.com/productos/cuphead-delicious-last-course-dlc-unravel-two-overcooked-2-it-takes-two-ps4-ps5/,18
JDP4P5,NIER AUTOMATA PS4 | PS5,Juegos PS4,40460,76160,https://juegosdigitalesps4ps5.com/productos/nier-automata-ps4-ps5/,18
JDP4P5,DIRT RALLY 2.0 PS4 | PS5,Juegos PS4,34510,76160,https://juegosdigitalesps4ps5.com/productos/dirt-rally-2-0-ps4-ps5/,18
JDP4P5,MAFIA 2 PS4 | PS5,Juegos PS4,34510,52360,https://juegosdigitalesps4ps5.com/productos/mafia-2-ps4-ps5/,18
JDP4P5,DYING LIGHT PS4 | PS5,Juegos PS4,34510,40460,https://juegosdigitalesps4ps5.com/productos/dying-light-ps4-ps5/,19
JDP4P5,MAD MAX PS4 | PS5,Juegos PS4,34510,40460,https://juegosdigitalesps4ps5.com/productos/mad-max-ps4-ps5/,19
JDP4P5,CRASH TEAM RUMBLE PS4 | PS5,Juegos PS4,40460,52360,https://juegosdigitalesps4ps5.com/productos/crash-team-rumble-ps4-ps5/,19
JDP4P5,BORDERLANDS 3 PS4 | PS5,Juegos PS4,34510,76160,https://juegosdigitalesps4ps5.com/productos/borderlands-3-ps4-ps5/,19
JDP4P5,LEGO MARVEL SUPER HEROES 2 PS4 | PS5,Juegos PS4,34510,40460,https://juegosdigitalesps4ps5.com/productos/lego-marvel-super-heroes-2-ps4-ps5/,19
JDP4P5,FINAL FANTASY Vll REMAKE PS4 | PS5,Juegos PS4,52360,64260,https://juegosdigitalesps4ps5.com/productos/final-fantasy-vll-remake-ps4-ps5/,19
JDP4P5,MARVEL AVENGERS PS4 | PS5,Juegos PS4,34510,76160,https://juegosdigitalesps4ps5.com/productos/marvel-avengers-ps4-ps5/,19
JDP4P5,HOLLOW KNIGHT PS4 | PS5,Juegos PS4,34510,40460,https://juegosdigitalesps4ps5.com/productos/hollow-knight-ps4-ps5/,19
JDP4P5,LEGO SUPER HEROES PS4 | PS5,Juegos PS4,34510,40460,https://juegosdigitalesps4ps5.com/productos/lego-super-heroes-ps4-ps5/,19
JDP4P5,ONE PIECE ODYSSEY PS4 | PS5,Juegos PS4,34510,58310,https://juegosdigitalesps4ps5.com/productos/one-piece-odyssey-ps4-ps5/,19
JDP4P5,ASSASSIN´S CREED 3 REMASTERED PS4 | PS5,Juegos PS4,34510,58310,https://juegosdigitalesps4ps5.com/productos/assassins-creed-3-remastered-ps4-ps5/,19
JDP4P5,LITTLE BIG PLANET 3 PS4 | PS5,Juegos PS4,46410,88060,https://juegosdigitalesps4ps5.com/productos/little-big-planet-3-ps4-ps5/,19
JDP4P5,HITMAN ( 2016 ) PS4 | PS5,Juegos PS4,46410,88060,https://juegosdigitalesps4ps5.com/productos/hitman-2016-ps4-ps5/,20
JDP4P5,WWE 2K17 PS4 | PS5,Juegos PS4,34510,76160,https://juegosdigitalesps4ps5.com/productos/wwe-2k17-ps4-ps5/,20
JDP4P5,WWE 2K19 PS4 | PS5,Juegos PS4,34510,76160,https://juegosdigitalesps4ps5.com/productos/wwe-2k19-ps4-ps5/,20
JDP4P5,FALLOUT 4 PS4 | PS5,Juegos PS4,34510,40460,https://juegosdigitalesps4ps5.com/productos/fallout-4-ps4-ps5/,20
JDP4P5,BIOSHOCK THE COLLECTION PS4 | PS5,Juegos PS4,34510,64260,https://juegosdigitalesps4ps5.com/productos/bioshock-the-collection-ps4-ps5/,20
JDP4P5,FARMING SIMULATOR 22 PS4 | PS5,Juegos PS4,64260,88060,https://juegosdigitalesps4ps5.com/productos/farming-simulator-22-ps4-ps5/,20
JDP4P5,FOR HONOR PS4 | PS5,Juegos PS4,34510,52360,https://juegosdigitalesps4ps5.com/productos/for-honor-ps4-ps5/,20
JDP4P5,F1 2020 PS4 | PS5,Juegos PS4,34510,76160,https://juegosdigitalesps4ps5.com/productos/f1-2020-ps4-ps5/,20
JDP4P5,THE QUARRY PS4 | PS5,Juegos PS4,46410,88060,https://juegosdigitalesps4ps5.com/productos/the-quarry-ps4-ps5/,20
JDP4P5,METRO EXODUS PS4 | PS5,Juegos PS4,34510,52360,https://juegosdigitalesps4ps5.com/productos/metro-exodus-ps4-ps5/,20
JDP4P5,STAR WARS BATTLEFRONT 2 PS4 | PS5,Juegos PS4,34510,40460,https://juegosdigitalesps4ps5.com/productos/star-wars-battlefront-2-ps4-ps5/,20
JDP4P5,UFC 3 PS4 | PS5,Juegos PS4,34510,76160,https://juegosdigitalesps4ps5.com/productos/ufc-3-ps4-ps5/,20
JDP4P5,MADDEN NFL 24 PS4 | PS5,Juegos PS4,34510,76160,https://juegosdigitalesps4ps5.com/productos/madden-nfl-24-ps4-ps5/,21
JDP4P5,BACK 4 BLOOD PS4 | PS5,Juegos PS4,34510,76160,https://juegosdigitalesps4ps5.com/productos/back-4-blood-ps4-ps5/,21
JDP4P5,WATCH DOGS LEGION PS4 | PS5,Juegos PS4,34510,76160,https://juegosdigitalesps4ps5.com/productos/watch-dogs-legion-ps4-ps5/,21
JDP4P5,INJUSTICE 2 PS4 | PS5,Juegos PS4,34510,40460,https://juegosdigitalesps4ps5.com/productos/injustice-2-ps4-ps5/,21
JDP4P5,F1 2017 PS4 | PS5,Juegos PS4,34510,76160,https://juegosdigitalesps4ps5.com/productos/f1-2017-ps4-ps5/,21
JDP4P5,TENNIS WORLD TOUR PS4 | PS5,Juegos PS4,34510,40460,https://juegosdigitalesps4ps5.com/productos/tennis-world-tour-ps4-ps5/,21
JDP4P5,A PLAGUE TALE: INNOCENCE PS4 | PS5,Juegos PS4,40460,58310,https://juegosdigitalesps4ps5.com/productos/a-plague-tale-innocence-ps4-ps5/,21
JDP4P5,HOT WHEELS UNLEASHED PS4 | PS5,Juegos PS4,34510,58310,https://juegosdigitalesps4ps5.com/productos/hot-wheels-unleashed-ps4-ps5/,21
JDP4P5,LEGO JURASSIC WORLD PS4 | PS5,Juegos PS4,34510,40460,https://juegosdigitalesps4ps5.com/productos/lego-jurassic-world-ps4-ps5/,21
JDP4P5,DOOM [ 2016 ] PS4 | PS5,Juegos PS4,34510,40460,https://juegosdigitalesps4ps5.com/productos/doom-2016-ps4-ps5/,21
JDP4P5,MXGP PRO PS4 | PS5,Juegos PS4,119000,0,https://juegosdigitalesps4ps5.com/productos/mxgp-pro-ps4-ps5/,21
JDP4P5,SPYRO REIGNITED TRILOGY PS4 | PS5,Juegos PS4,34510,58310,https://juegosdigitalesps4ps5.com/productos/spyro-reignited-trilogy-ps4-ps5/,21
JDP4P5,TOM CLANCY’S THE DIVISION PS4 | PS5,Juegos PS4,34510,52360,https://juegosdigitalesps4ps5.com/productos/tom-clancys-the-division-ps4-ps5/,22
JDP4P5,JURASSIC WORLD EVOLUTION PS4 | PS5,Juegos PS4,34510,64260,https://juegosdigitalesps4ps5.com/productos/jurassic-world-evolution-ps4-ps5/,22
JDP4P5,STREET FIGHTER V PS4 | PS5,Juegos PS4,34510,76160,https://juegosdigitalesps4ps5.com/productos/street-fighter-v-ps4-ps5/,22
JDP4P5,METAL GEAR PHANTOM PAIN PS4 | PS5,Juegos PS4,119000,0,https://juegosdigitalesps4ps5.com/productos/metal-gear-phantom-pain-ps4-ps5/,22
JDP4P5,INSIDE PS4 | PS5,Juegos PS4,119000,0,https://juegosdigitalesps4ps5.com/productos/inside-ps4-ps5/,22
JDP4P5,RATCHET AND CLANK PS4 | PS5,Juegos PS4,34510,40460,https://juegosdigitalesps4ps5.com/productos/ratchet-and-clank-ps4-ps5/,22
JDP4P5,TOM CLANCY’S THE DIVISION 2 PS4 | PS5,Juegos PS4,34510,52360,https://juegosdigitalesps4ps5.com/productos/tom-clancys-the-division-2-ps4-ps5/,22
JDP4P5,MARVEL´S GUARDIANES DE LA GALAXIA PS4 | PS5,Juegos PS4,34510,76160,https://juegosdigitalesps4ps5.com/productos/marvels-guardianes-de-la-galaxia-ps4-ps5/,22
JDP4P5,DARKSIDERS 3 PS4 | PS5,Juegos PS4,46410,70210,https://juegosdigitalesps4ps5.com/productos/darksiders-3-ps4-ps5/,22
JDP4P5,RISE OF THE TOMB RAIDER 20 YEAR EDITION PS4 | PS5,Juegos PS4,34510,52360,https://juegosdigitalesps4ps5.com/productos/rise-of-the-tomb-raider-20-year-edition-ps4-ps5/,22
JDP4P5,HITMAN lll PS4 | PS5,Juegos PS4,34510,76160,https://juegosdigitalesps4ps5.com/productos/hitman-lll-ps4-ps5/,22
JDP4P5,PS PLUS EXTRA 12 MESES + RED DEAD REDEMPTION 2 + UNCHARTED 4 + UNCHARTED THE LOST LEGACY + GANG BEASTS PS4,Juegos PS4,178500,357000,https://juegosdigitalesps4ps5.com/productos/ps-plus-extra-12-meses-red-dead-redemption-2-uncharted-4-uncharted-the-lost-legacy-gang-beasts-ps4/,22
JDP4P5,BATMAN RETURN ARKHAM PS4 | PS5,Juegos PS4,34510,46410,https://juegosdigitalesps4ps5.com/productos/batman-return-arkham-ps4-ps5/,23
JDP4P5,METAL GEAR SOLID V: THE DEFINITIVE EXPERIENCE PS4 | PS5,Juegos PS4,34510,40460,https://juegosdigitalesps4ps5.com/productos/metal-gear-solid-v-the-definitive-experience-ps4-ps5/,23
JDP4P5,THE KING OF FIGHTER XIV PS4 | PS5,Juegos PS4,34510,52360,https://juegosdigitalesps4ps5.com/productos/the-king-of-fighter-xiv-ps4-ps5/,23
JDP4P5,LEGO HARRY POTTER COLLECTION PS4 | PS5,Juegos PS4,46410,58310,https://juegosdigitalesps4ps5.com/productos/lego-harry-potter-collection-ps4-ps5/,23
JDP4P5,KINGDOM HEARTS 3 PS4 | PS5,Juegos PS4,46410,76160,https://juegosdigitalesps4ps5.com/productos/kingdom-hearts-3-ps4-ps5/,23
JDP4P5,JUST CAUSE 4 PS4 | PS5,Juegos PS4,34510,58310,https://juegosdigitalesps4ps5.com/productos/just-cause-4-ps4-ps5/,23
JDP4P5,BORDERLANDS THE HANDSOME COLLECTION PS4 | PS5,Juegos PS4,34510,58310,https://juegosdigitalesps4ps5.com/productos/borderlands-the-handsome-collection-ps4-ps5/,23
JDP4P5,UNCHARTED: THE LOST LEGACY PS4 | PS5,Juegos PS4,34510,76160,https://juegosdigitalesps4ps5.com/productos/uncharted-the-lost-legacy-ps4-ps5/,23
JDP4P5,GOD OF WAR RAGNAROK + RESIDENT EVIL 4 + NEED FOR SPEED HEAT + BATMAN ARKHAM KNIGHT PS4 | PS5,Juegos PS4,64260,128520,https://juegosdigitalesps4ps5.com/productos/god-of-war-ragnarok-resident-evil-4-need-for-speed-heat-batman-arkham-knight-ps4-ps5/,23
JDP4P5,PROJECT CARS 2 PS4 | PS5,Juegos PS4,34510,76160,https://juegosdigitalesps4ps5.com/productos/project-cars-2-ps4-ps5/,23
JDP4P5,WWE 2K18 PS4 | PS5,Juegos PS4,34510,76160,https://juegosdigitalesps4ps5.com/productos/wwe-2k18-ps4-ps5/,23
JDP4P5,LEGO THE INCREDIBLES PS4 | PS5,Juegos PS4,34510,76160,https://juegosdigitalesps4ps5.com/productos/lego-the-incredibles-ps4-ps5/,23
JDP4P5,LEGO STAR WARS THE FORCE AWAKENS PS4 | PS5,Juegos PS4,34510,40460,https://juegosdigitalesps4ps5.com/productos/lego-star-wars-the-force-awakens-ps4-ps5/,24
JDP4P5,DAKAR 18 PS4 | PS5,Juegos PS4,34510,46410,https://juegosdigitalesps4ps5.com/productos/dakar-18-ps4-ps5/,24
JDP4P5,FAR CRY NEW DAWN PS4 | PS5,Juegos PS4,34510,58310,https://juegosdigitalesps4ps5.com/productos/far-cry-new-dawn-ps4-ps5/,24
JDP4P5,AMONG US PS4 | PS5,Juegos PS4,34510,76160,https://juegosdigitalesps4ps5.com/productos/among-us-ps4-ps5/,24
JDP4P5,WWE 2K20 PS4 | PS5,Juegos PS4,34510,88060,https://juegosdigitalesps4ps5.com/productos/wwe-2k20-ps4-ps5/,24
JDP4P5,SNOW RUNNER + THE CREW MOTORFEST + BATMAN ARKHAM COLLECTION + NEED FOR SPEED PS4 | PS5,Juegos PS4,76160,0,https://juegosdigitalesps4ps5.com/productos/snow-runner-the-crew-motorfest-batman-arkham-collection-need-for-speed-ps4-ps5/,24
JDP4P5,PS PLUS ESSENTIAL 12 MESES + EA SPORTS FC 26 + ELDEN RING NIGHTREIGN + CALL OF DUTY BLACK OPS 6 PS4,Juegos PS4,178500,357000,https://juegosdigitalesps4ps5.com/productos/ps-plus-essential-12-meses-ea-sports-fc-26-elden-ring-nightreign-call-of-duty-black-ops-6-ps4/,24
JDP4P5,DISHONORED 2 PS4 | PS5,Juegos PS4,34510,52360,https://juegosdigitalesps4ps5.com/productos/dishonored-2-ps4-ps5/,24
JDP4P5,NASCAR HEAT 3 PS4 | PS5,Juegos PS4,34510,88060,https://juegosdigitalesps4ps5.com/productos/nascar-heat-3-ps4-ps5/,24
JDP4P5,SEKIRO + AC ORIGINS GOLD EDITION + DEMON SLAYER GOLD EDITION + GHOST RECON BREAKPOINT DELUXE EDITION PS4 | PS5,Juegos PS4,52360,104720,https://juegosdigitalesps4ps5.com/productos/sekiro-ac-origins-gold-edition-demon-slayer-gold-edition-ghost-recon-breakpoint-deluxe-edition-ps4-ps5/,24
JDP4P5,MARVEL SPIDER-MAN GAME OF THE YEAR + FAR CRY 5 - FAR CRY NEW DAWN COMPLETE EDITION + GHOST RECON WILDLANDS + THE WITCHER 3 WILD HUNT PS4 | PS5,Juegos PS4,52360,104720,https://juegosdigitalesps4ps5.com/productos/marvel-spider-man-game-of-the-year-far-cry-5-far-cry-new-dawn-complete-edition-ghost-recon-wildlands-the-witcher-3-wild-hunt-ps4-ps5/,24
JDP4P5,SPIDER-MAN MILES MORALES + MARVEL SPIDER-MAN GAME OF THE YEAR + BACK 4 BLOOD DELUXE + GHOST OF TSUSHIMA PS4 | PS5,Juegos PS4,64260,128520,https://juegosdigitalesps4ps5.com/productos/spider-man-miles-morales-marvel-spider-man-game-of-the-year-back-4-blood-deluxe-ghost-of-tsushima-ps4-ps5/,24
JDP4P5,CRASH TEAM RACING NITRO FUELED - CRASH TRILOGY + MORTAL KOMBAT 11 ULTIMATE + SPIDER-MAN MILES MORALES + METRO 2033 REDUX PS4 | PS5,Juegos PS4,58310,116620,https://juegosdigitalesps4ps5.com/productos/crash-team-racing-nitro-fueled-crash-trilogy-mortal-kombat-11-ultimate-spider-man-miles-morales-metro-2033-redux-ps4-ps5/,25
JDP4P5,SOULCALIBUR VI PS4 | PS5,Juegos PS4,34510,76160,https://juegosdigitalesps4ps5.com/productos/soulcalibur-vi-ps4-ps5/,25
JDP4P5,SOUTH PARK: THE FRACTURED BUT WHOLE PS4 | PS5,Juegos PS4,34510,52360,https://juegosdigitalesps4ps5.com/productos/south-park-the-fractured-but-whole-ps4-ps5/,25
JDP4P5,JUST CAUSE 3 PS4 | PS5,Juegos PS4,34510,40460,https://juegosdigitalesps4ps5.com/productos/just-cause-3-ps4-ps5/,25
JDP4P5,GODZILLA PS4 | PS5,Juegos PS4,34510,76160,https://juegosdigitalesps4ps5.com/productos/godzilla-ps4-ps5/,25
JDP4P5,FIVE NIGHTS AT FREDDY'S 3 PS4 | PS5,Juegos PS4,71400,0,https://juegosdigitalesps4ps5.com/productos/five-nights-at-freddys-3-ps4-ps5/,25
JDP4P5,MLB THE SHOW 22 PS4 | PS5,Juegos PS4,34510,88060,https://juegosdigitalesps4ps5.com/productos/mlb-the-show-22-ps4-ps5/,25
JDP4P5,GTA V + DRAGON BALL KAKAROT + RAYMAN LEGENDS + SLEEPING DOGS DEFINITIVE EDITION PS4 | PS5,Juegos PS4,76160,0,https://juegosdigitalesps4ps5.com/productos/gta-v-dragon-ball-kakarot-rayman-legends-sleeping-dogs-definitive-edition-ps4-ps5/,25
JDP4P5,DIRT RALLY PS4 | PS5,Juegos PS4,34510,76160,https://juegosdigitalesps4ps5.com/productos/dirt-rally-ps4-ps5/,25
JDP4P5,MLB THE SHOW 19 PS4 | PS5,Juegos PS4,34510,76160,https://juegosdigitalesps4ps5.com/productos/mlb-the-show-19-ps4-ps5/,25
JDP4P5,ONE PIECE WORLD SEEKER PS4 | PS5,Juegos PS4,34510,76160,https://juegosdigitalesps4ps5.com/productos/one-piece-world-seeker-ps4-ps5/,25
JDP4P5,PAY DAY 2: CRIMEWAVE EDITION PS4 | PS5,Juegos PS4,46410,58310,https://juegosdigitalesps4ps5.com/productos/pay-day-2-crimewave-edition-ps4-ps5/,25
JDP4P5,RED DEAD REDEMPTION 2 ULTIMATE EDITION + CALL OF DUTY BLACK OPS 4 + ASSASSIN´S CREED VALHALLA DELUXE + MARVEL SPIDER-MAN GAME OF THE YEAR PS4 | PS5,Juegos PS4,58310,116620,https://juegosdigitalesps4ps5.com/productos/red-dead-redemption-2-ultimate-edition-call-of-duty-black-ops-4-assassins-creed-valhalla-deluxe-marvel-spider-man-game-of-the-year-ps4-ps5/,26
JDP4P5,SAMURAI SHODOWN PS4 | PS5,Juegos PS4,34510,76160,https://juegosdigitalesps4ps5.com/productos/samurai-shodown-ps4-ps5/,26
JDP4P5,THE LAST GUARDIAN PS4 | PS5,Juegos PS4,46410,58310,https://juegosdigitalesps4ps5.com/productos/the-last-guardian-ps4-ps5/,26
JDP4P5,LEGO SUPERVILLAINS PS4 | PS5,Juegos PS4,34510,76160,https://juegosdigitalesps4ps5.com/productos/lego-supervillains-ps4-ps5/,26
JDP4P5,LEGO NINJAGO PS4 | PS5,Juegos PS4,34510,64260,https://juegosdigitalesps4ps5.com/productos/lego-ninjago-ps4-ps5/,26
JDP4P5,FALLOUT 76 PS4 | PS5,Juegos PS4,46410,70210,https://juegosdigitalesps4ps5.com/productos/fallout-76-ps4-ps5/,26
JDP4P5,STICK FIGHT THE GAME PS4 | PS5,Juegos PS4,34510,76160,https://juegosdigitalesps4ps5.com/productos/stick-fight-the-game-ps4-ps5/,26
JDP4P5,CONTROL PS4 | PS5,Juegos PS4,34510,58310,https://juegosdigitalesps4ps5.com/productos/control-ps4-ps5/,26
JDP4P5,OUTRIDERS PS4 | PS5,Juegos PS4,34510,40460,https://juegosdigitalesps4ps5.com/productos/outriders-ps4-ps5/,26
JDP4P5,FARMING SIMULATOR 19 PS4 | PS5,Juegos PS4,34510,76160,https://juegosdigitalesps4ps5.com/productos/farming-simulator-19-ps4-ps5/,26
JDP4P5,MOTOGP 21 PS4 | PS5,Juegos PS4,34510,76160,https://juegosdigitalesps4ps5.com/productos/motogp-21-ps4-ps5/,26
JDP4P5,NARUTO TO BORUTO SHINOBI STRIKER PS4 | PS5,Juegos PS4,34510,40460,https://juegosdigitalesps4ps5.com/productos/naruto-to-boruto-shinobi-striker-ps4-ps5/,26
JDP4P5,MR4 MOTO RACER 4 PS4 | PS5,Juegos PS4,34510,76160,https://juegosdigitalesps4ps5.com/productos/mr4-moto-racer-4-ps4-ps5/,27
JDP4P5,NEED FOR SPEED HEAT DELUXE EDITION + SNOW RUNNER + RIDERS REPUBLIC + NEED FOR SPEED RIVALS PS4 | PS5,Juegos PS4,76160,0,https://juegosdigitalesps4ps5.com/productos/need-for-speed-heat-deluxe-edition-snow-runner-riders-republic-need-for-speed-rivals-ps4-ps5/,27
JDP4P5,DEAD ISLAND DEFINITIVE EDITION PS4 | PS5,Juegos PS4,34510,40460,https://juegosdigitalesps4ps5.com/productos/dead-island-definitive-edition-ps4-ps5/,27
JDP4P5,MEGA MAN 11 PS4 | PS5,Juegos PS4,34510,52360,https://juegosdigitalesps4ps5.com/productos/mega-man-11-ps4-ps5/,27
JDP4P5,YAKUZA 0 PS4 | PS5,Juegos PS4,34510,40460,https://juegosdigitalesps4ps5.com/productos/yakuza-0-ps4-ps5/,27
JDP4P5,JUDGMENT PS4 | PS5,Juegos PS4,34510,52360,https://juegosdigitalesps4ps5.com/productos/judgment-ps4-ps5/,27
JDP4P5,FARMING SIMULATOR 17 PS4 | PS5,Juegos PS4,34510,40460,https://juegosdigitalesps4ps5.com/productos/farming-simulator-17-ps4-ps5/,27
JDP4P5,ANTHEM PS4 | PS5,Juegos PS4,34510,76160,https://juegosdigitalesps4ps5.com/productos/anthem-ps4-ps5/,27
JDP4P5,ZOMBIE ARMY DEAD WAR 4 PS4 | PS5,Juegos PS4,34510,64260,https://juegosdigitalesps4ps5.com/productos/zombie-army-dead-war-4-ps4-ps5/,27
JDP4P5,NBA 2K21 PS4 | PS5,Juegos PS4,34510,76160,https://juegosdigitalesps4ps5.com/productos/nba-2k21-ps4-ps5/,27
JDP4P5,RESIDENT EVIL 3 REMAKE + DEAD ISLAND 2 + THE EVIL WITHIN + RESIDENT EVIL 5 PS4 | PS5,Juegos PS4,70210,0,https://juegosdigitalesps4ps5.com/productos/resident-evil-3-remake-dead-island-2-the-evil-within-resident-evil-5-ps4-ps5/,27
JDP4P5,PS PLUS DELUXE 12 MESES + WWE 2K25 + GRAN TURISMO 7 + LIES OF P: OVERTURE BUNDLE PS4,Juegos PS4,223720,447440,https://juegosdigitalesps4ps5.com/productos/ps-plus-deluxe-12-meses-wwe-2k25-gran-turismo-7-lies-of-p-overture-bundle-ps4/,27
JDP4P5,STAR WARS BATTLEFRONT PS4 | PS5,Juegos PS4,34510,40460,https://juegosdigitalesps4ps5.com/productos/star-wars-battlefront-ps4-ps5/,28
JDP4P5,DEAD CELLS PS4 | PS5,Juegos PS4,34510,46410,https://juegosdigitalesps4ps5.com/productos/dead-cells-ps4-ps5/,28
JDP4P5,NBA 2K18 PS4 | PS5,Juegos PS4,34510,76160,https://juegosdigitalesps4ps5.com/productos/nba-2k18-ps4-ps5/,28
JDP4P5,RIDE 2 PS4 | PS5,Juegos PS4,34510,46410,https://juegosdigitalesps4ps5.com/productos/ride-2-ps4-ps5/,28
JDP4P5,RIDE 3 PS4 | PS5,Juegos PS4,34510,52360,https://juegosdigitalesps4ps5.com/productos/ride-3-ps4-ps5/,28
JDP4P5,HOMEFRONT THE REVOLUTION PS4 | PS5,Juegos PS4,34510,40460,https://juegosdigitalesps4ps5.com/productos/homefront-the-revolution-ps4-ps5/,28
JDP4P5,GRAVITY RUSH 2 PS4 | PS5,Juegos PS4,34510,40460,https://juegosdigitalesps4ps5.com/productos/gravity-rush-2-ps4-ps5/,28
JDP4P5,FLATOUT 4 TOTAL INSANITY PS4 | PS5,Juegos PS4,34510,76160,https://juegosdigitalesps4ps5.com/productos/flatout-4-total-insanity-ps4-ps5/,28
JDP4P5,INFAMOUS FIRST LIGHT PS4 | PS5,Juegos PS4,34510,40460,https://juegosdigitalesps4ps5.com/productos/infamous-first-light-ps4-ps5/,28
JDP4P5,NBA 2K22 PS4 | PS5,Juegos PS4,34510,76160,https://juegosdigitalesps4ps5.com/productos/nba-2k22-ps4-ps5/,28
JDP4P5,MOTO GP20 PS4 | PS5,Juegos PS4,34510,88060,https://juegosdigitalesps4ps5.com/productos/moto-gp20-ps4-ps5/,28
JDP4P5,MADDEN NFL 17 PS4 | PS5,Juegos PS4,34510,76160,https://juegosdigitalesps4ps5.com/productos/madden-nfl-17-ps4-ps5/,28
JDP4P5,NBA 2K19 PS4 | PS5,Juegos PS4,34510,76160,https://juegosdigitalesps4ps5.com/productos/nba-2k19-ps4-ps5/,29
JDP4P5,PERSONA 5 TACTICA PS4 | PS5,Juegos PS4,34510,76160,https://juegosdigitalesps4ps5.com/productos/persona-5-tactica-ps4-ps5/,29
JDP4P5,RAGE 2 PS4 | PS5,Juegos PS4,34510,58310,https://juegosdigitalesps4ps5.com/productos/rage-2-ps4-ps5/,29
JDP4P5,STEEP PS4 | PS5,Juegos PS4,34510,52360,https://juegosdigitalesps4ps5.com/productos/steep-ps4-ps5/,29
JDP4P5,TETRIS EFFECT: CONNECTED PS4 | PS5,Juegos PS4,34510,58310,https://juegosdigitalesps4ps5.com/productos/tetris-effect-connected-ps4-ps5/,29
JDP4P5,WARHAMMER CHAOSBANE PS4 | PS5,Juegos PS4,34510,52360,https://juegosdigitalesps4ps5.com/productos/warhammer-chaosbane-ps4-ps5/,29
JDP4P5,KINGDOM HEARTS HD 2.8 FINAL CHAPTER PROLOGUE PS4 | PS5,Juegos PS4,46410,76160,https://juegosdigitalesps4ps5.com/productos/kingdom-hearts-hd-2-8-final-chapter-prologue-ps4-ps5/,29
JDP4P5,HELLO NEIGHBOR: HIDE AND SEEK PS4 | PS5,Juegos PS4,34510,52360,https://juegosdigitalesps4ps5.com/productos/hello-neighbor-hide-and-seek-ps4-ps5/,29
JDP4P5,HARRY POTTER: CAMPEONES DE QUIDDITCH PS4 | PS5,Juegos PS4,34510,52360,https://juegosdigitalesps4ps5.com/productos/harry-potter-campeones-de-quidditch-ps4-ps5/,29
JDP4P5,DRAGON BALL SPARKING ZERO PS5,Juegos PS5,64260,105910,https://juegosdigitalesps4ps5.com/productos/dragon-ball-sparking-zero-ps5/,1
JDP4P5,RESIDENT EVIL REQUIEM PS5,Juegos PS5,88060,105910,https://juegosdigitalesps4ps5.com/productos/resident-evil-requiem-ps5/,2
JDP4P5,BLACK MYTH WUKONG PS5,Juegos PS5,76160,94010,https://juegosdigitalesps4ps5.com/productos/black-myth-wukong-ps5/,2
JDP4P5,MARVEL SPIDER-MAN 2 PS5,Juegos PS5,64260,105910,https://juegosdigitalesps4ps5.com/productos/marvel-spider-man-2-ps5/,2
JDP4P5,FORZA HORIZON 5 PS5,Juegos PS5,64260,94010,https://juegosdigitalesps4ps5.com/productos/forza-horizon-5-ps5/,3
JDP4P5,GHOST OF YOTEI PS5,Juegos PS5,88060,105910,https://juegosdigitalesps4ps5.com/productos/ghost-of-yotei-ps5/,3
JDP4P5,BATTLEFIELD 6 PS5,Juegos PS5,76160,105910,https://juegosdigitalesps4ps5.com/productos/battlefield-6-ps5/,4
JDP4P5,ASTRO BOT PS5,Juegos PS5,76160,94010,https://juegosdigitalesps4ps5.com/productos/astro-bot-ps5/,5
JDP4P5,CRIMSON DESERT PS5,Juegos PS5,99960,105910,https://juegosdigitalesps4ps5.com/productos/crimson-desert-ps5/,5
JDP4P5,HALO: CAMPAIGN EVOLVED PS5,Juegos PS5,94010,0,https://juegosdigitalesps4ps5.com/productos/halo-campaign-evolved-ps5/,5
JDP4P5,ASSASSIN´S CREED SHADOWS PS5,Juegos PS5,70210,105910,https://juegosdigitalesps4ps5.com/productos/assassins-creed-shadows-ps5/,5
JDP4P5,GEARS OF WAR: RELOADED PS5,Juegos PS5,64260,76160,https://juegosdigitalesps4ps5.com/productos/gears-of-war-reloaded-ps5/,6
JDP4P5,MORTAL KOMBAT 1 PS5,Juegos PS5,46410,88060,https://juegosdigitalesps4ps5.com/productos/mortal-kombat-1-ps5/,6
JDP4P5,007: FIRST LIGHT PS5,Juegos PS5,99960,105910,https://juegosdigitalesps4ps5.com/productos/007-first-light-ps5/,6
JDP4P5,SPLIT FICTION PS5,Juegos PS5,70210,88060,https://juegosdigitalesps4ps5.com/productos/split-fiction-ps5/,6
JDP4P5,THE LAST OF US 2 REMASTERED PS5,Juegos PS5,64260,88060,https://juegosdigitalesps4ps5.com/productos/the-last-of-us-2-remastered-ps5/,6
JDP4P5,F1 25 PS5,Juegos PS5,46410,105910,https://juegosdigitalesps4ps5.com/productos/f1-25-ps5/,6
JDP4P5,ASSASSIN’S CREED BLACK FLAG RESYNCED PS5,Juegos PS5,94010,0,https://juegosdigitalesps4ps5.com/productos/assassins-creed-black-flag-resynced-ps5/,7
JDP4P5,ARC RAIDERS PS5,Juegos PS5,64260,76160,https://juegosdigitalesps4ps5.com/productos/arc-raiders-ps5/,7
JDP4P5,CLAIR OBSCUR: EXPEDITION 33 PS5,Juegos PS5,76160,82110,https://juegosdigitalesps4ps5.com/productos/clair-obscur-expedition-33-ps5/,8
JDP4P5,SILENT HILL 2 PS5,Juegos PS5,70210,105910,https://juegosdigitalesps4ps5.com/productos/silent-hill-2-ps5/,8
JDP4P5,THE LAST OF US REMAKE PS5,Juegos PS5,64260,105910,https://juegosdigitalesps4ps5.com/productos/the-last-of-us-remake-ps5/,8
JDP4P5,GRAND THEFT AUTO VI PS5,Juegos PS5,111860,0,https://juegosdigitalesps4ps5.com/productos/grand-theft-auto-vi-ps5/,8
JDP4P5,MARVEL'S WOLVERINE PS5,Juegos PS5,105910,0,https://juegosdigitalesps4ps5.com/productos/marvels-wolverine-ps5/,8
JDP4P5,READY OR NOT PS5,Juegos PS5,76160,88060,https://juegosdigitalesps4ps5.com/productos/ready-or-not-ps5/,9
JDP4P5,UFC 5 PS5,Juegos PS5,46410,105910,https://juegosdigitalesps4ps5.com/productos/ufc-5-ps5/,9
JDP4P5,DEATH STRANDING 2: ON THE BEACH PS5,Juegos PS5,76160,105910,https://juegosdigitalesps4ps5.com/productos/death-stranding-2-on-the-beach-ps5/,9
JDP4P5,"WARHAMMER 40,000: SPACE MARINE 2 PS5",Juegos PS5,64260,105910,https://juegosdigitalesps4ps5.com/productos/warhammer-40000-space-marine-2-ps5/,9
JDP4P5,ARK SURVIVAL ASCENDED PS5,Juegos PS5,46410,76160,https://juegosdigitalesps4ps5.com/productos/ark-survival-ascended-ps5/,9
JDP4P5,HOLLOW KNIGHT: SILKSONG PS4 | PS5,Juegos PS5,40460,40460,https://juegosdigitalesps4ps5.com/productos/hollow-knight-silksong-ps4-ps5/,10
JDP4P5,STELLAR BLADE PS5,Juegos PS5,76160,105910,https://juegosdigitalesps4ps5.com/productos/stellar-blade-ps5/,10
JDP4P5,HELLDIVERS 2 PS5,Juegos PS5,70210,76160,https://juegosdigitalesps4ps5.com/productos/helldivers-2-ps5/,10
JDP4P5,UFC 6 PS5,Juegos PS5,99960,105910,https://juegosdigitalesps4ps5.com/productos/ufc-6-ps5/,10
JDP4P5,METAL GEAR SOLID: SNAKE EATER PS5,Juegos PS5,70210,105910,https://juegosdigitalesps4ps5.com/productos/metal-gear-solid-snake-eater-ps5/,11
JDP4P5,LEGO BATMAN: LEGACY OF THE DARK KNIGHT PS5,Juegos PS5,99960,105910,https://juegosdigitalesps4ps5.com/productos/lego-batman-legacy-of-the-dark-knight-ps5/,11
JDP4P5,MAFIA: THE OLD COUNTRY PS5,Juegos PS5,64260,88060,https://juegosdigitalesps4ps5.com/productos/mafia-the-old-country-ps5/,11
JDP4P5,DAYS GONE REMASTERED PS5,Juegos PS5,64260,88060,https://juegosdigitalesps4ps5.com/productos/days-gone-remastered-ps5/,11
JDP4P5,MONSTER HUNTER WILDS PS5,Juegos PS5,64260,105910,https://juegosdigitalesps4ps5.com/productos/monster-hunter-wilds-ps5/,12
JDP4P5,ALAN WAKE 2 PS5,Juegos PS5,58310,94010,https://juegosdigitalesps4ps5.com/productos/alan-wake-2-ps5/,12
JDP4P5,THE LAST OF US COMPLETE PS5,Juegos PS5,105910,135660,https://juegosdigitalesps4ps5.com/productos/the-last-of-us-complete-ps5/,12
JDP4P5,DOOM: THE DARK AGES PS5,Juegos PS5,70210,105910,https://juegosdigitalesps4ps5.com/productos/doom-the-dark-ages-ps5/,12
JDP4P5,SILENT HILL F PS5,Juegos PS5,70210,105910,https://juegosdigitalesps4ps5.com/productos/silent-hill-f-ps5/,12
JDP4P5,DRAGON´S DOGMA 2 PS5,Juegos PS5,64260,76160,https://juegosdigitalesps4ps5.com/productos/dragons-dogma-2-ps5/,13
JDP4P5,PRAGMATA PS5,Juegos PS5,88060,0,https://juegosdigitalesps4ps5.com/productos/pragmata-ps5/,13
JDP4P5,WWE 2K26 PS5,Juegos PS5,70210,105910,https://juegosdigitalesps4ps5.com/productos/wwe-2k26-ps5/,13
JDP4P5,KINGDOM COME: DELIVERANCE II PS5,Juegos PS5,70210,105910,https://juegosdigitalesps4ps5.com/productos/kingdom-come-deliverance-ii-ps5/,14
JDP4P5,NEED FOR SPEED UNBOUND PS5,Juegos PS5,46410,105910,https://juegosdigitalesps4ps5.com/productos/need-for-speed-unbound-ps5/,14
JDP4P5,MLB THE SHOW 25 PS5,Juegos PS5,46410,88060,https://juegosdigitalesps4ps5.com/productos/mlb-the-show-25-ps5/,14
JDP4P5,FINAL FANTASY XVI PS5,Juegos PS5,64260,88060,https://juegosdigitalesps4ps5.com/productos/final-fantasy-xvi-ps5/,15
JDP4P5,REANIMAL PS5,Juegos PS5,82110,76160,https://juegosdigitalesps4ps5.com/productos/reanimal-ps5/,15
JDP4P5,THE FIRST BERSERKER: KHAZAN PS5,Juegos PS5,70210,94010,https://juegosdigitalesps4ps5.com/productos/the-first-berserker-khazan-ps5/,15
JDP4P5,AVATAR FRONTIERS OF PANDORA PS5,Juegos PS5,64260,64260,https://juegosdigitalesps4ps5.com/productos/avatar-frontiers-of-pandora-ps5/,15
JDP4P5,FARMING SIMULATOR 25 PS5,Juegos PS5,70210,76160,https://juegosdigitalesps4ps5.com/productos/farming-simulator-25-ps5/,16
JDP4P5,RISE OF THE RONIN PS5,Juegos PS5,64260,105910,https://juegosdigitalesps4ps5.com/productos/rise-of-the-ronin-ps5/,17
JDP4P5,MLB THE SHOW 26 PS5,Juegos PS5,88060,105910,https://juegosdigitalesps4ps5.com/productos/mlb-the-show-26-ps5/,17
JDP4P5,NINJA GAIDEN BLACK 2 PS5,Juegos PS5,64260,88060,https://juegosdigitalesps4ps5.com/productos/ninja-gaiden-black-2-ps5/,17
JDP4P5,DEAD SPACE PS5,Juegos PS5,46410,105910,https://juegosdigitalesps4ps5.com/productos/dead-space-ps5/,18
JDP4P5,RIDE 6 PS5,Juegos PS5,82110,94010,https://juegosdigitalesps4ps5.com/productos/ride-6-ps5/,18
JDP4P5,DYING LIGHT: THE BEAST PS5,Juegos PS5,64260,94010,https://juegosdigitalesps4ps5.com/productos/dying-light-the-beast-ps5/,19
JDP4P5,NBA 2K27 PS5,Juegos PS5,105910,0,https://juegosdigitalesps4ps5.com/productos/nba-2k27-ps5/,19
JDP4P5,TEKKEN 8 PS5,Juegos PS5,70210,94010,https://juegosdigitalesps4ps5.com/productos/tekken-8-ps5/,20
JDP4P5,LORDS OF THE FALLEN PS5,Juegos PS5,46410,64260,https://juegosdigitalesps4ps5.com/productos/lords-of-the-fallen-ps5/,20
JDP4P5,PALWORLD PS5,Juegos PS5,64260,70210,https://juegosdigitalesps4ps5.com/productos/palworld-ps5/,21
JDP4P5,CALL OF DUTY MODERN WARFARE 4 PS5,Juegos PS5,105910,0,https://juegosdigitalesps4ps5.com/productos/call-of-duty-modern-warfare-4-ps5/,21
JDP4P5,GOD OF WAR: SONS OF SPARTA PS5,Juegos PS5,70210,64260,https://juegosdigitalesps4ps5.com/productos/god-of-war-sons-of-sparta-ps5/,22
JDP4P5,WUCHANG: FALLEN FEATHERS PS5,Juegos PS5,70210,88060,https://juegosdigitalesps4ps5.com/productos/wuchang-fallen-feathers-ps5/,22
JDP4P5,UNDISPUTED PS5,Juegos PS5,70210,94010,https://juegosdigitalesps4ps5.com/productos/undisputed-ps5/,22
JDP4P5,THE ELDER SCROLLS IV: OBLIVION REMASTERED PS5,Juegos PS5,70210,88060,https://juegosdigitalesps4ps5.com/productos/the-elder-scrolls-iv-oblivion-remastered-ps5/,22
JDP4P5,SAROS PS5,Juegos PS5,88060,105910,https://juegosdigitalesps4ps5.com/productos/saros-ps5/,23
JDP4P5,ONIMUSHA: WAY OF THE SWORD PS5,Juegos PS5,105910,0,https://juegosdigitalesps4ps5.com/productos/onimusha-way-of-the-sword-ps5/,23
JDP4P5,TONY HAWK'S PRO SKATER 3 + 4 PS4 | PS5,Juegos PS5,52360,64260,https://juegosdigitalesps4ps5.com/productos/tony-hawks-pro-skater-3-4-ps4-ps5/,24
JDP4P5,BORDERLANDS 4 PS5,Juegos PS5,70210,105910,https://juegosdigitalesps4ps5.com/productos/borderlands-4-ps5/,24
JDP4P5,MORTAL SHELL 2 PS5,Juegos PS5,88060,0,https://juegosdigitalesps4ps5.com/productos/mortal-shell-2-ps5/,25
JDP4P5,MOTOGP 26 PS5,Juegos PS5,82110,88060,https://juegosdigitalesps4ps5.com/productos/motogp-26-ps5/,25
JDP4P5,STAR WARS OUTLAWS PS5,Juegos PS5,58310,105910,https://juegosdigitalesps4ps5.com/productos/star-wars-outlaws-ps5/,27
JDP4P5,DEMON'S SOULS PS5,Juegos PS5,64260,105910,https://juegosdigitalesps4ps5.com/productos/demons-souls-ps5/,27
JDP4P5,DISPATCH PS5,Juegos PS5,70210,64260,https://juegosdigitalesps4ps5.com/productos/dispatch-ps5/,27
JDP4P5,HELL IS US PS5,Juegos PS5,64260,94010,https://juegosdigitalesps4ps5.com/productos/hell-is-us-ps5/,28
JDP4P5,LIFE IS STRANGE: DOUBLE EXPOSURE PS5,Juegos PS5,64260,88060,https://juegosdigitalesps4ps5.com/productos/life-is-strange-double-exposure-ps5/,28
JDP4P5,REMATCH PS5,Juegos PS5,58310,64260,https://juegosdigitalesps4ps5.com/productos/rematch-ps5/,28
JDP4P5,RATCHET Y CLANK: UNA DIMENSIÓN APARTE PS5,Juegos PS5,82110,135660,https://juegosdigitalesps4ps5.com/productos/ratchet-y-clank-una-dimension-aparte-ps5/,28
JDP4P5,STARFIELD PS5,Juegos PS5,76160,88060,https://juegosdigitalesps4ps5.com/productos/starfield-ps5/,29
JDP4P5,NIOH 3 PS5,Juegos PS5,88060,105910,https://juegosdigitalesps4ps5.com/productos/nioh-3-ps5/,29
JDP4P5,RETURNAL PS5,Juegos PS5,64260,105910,https://juegosdigitalesps4ps5.com/productos/returnal-ps5-ps4-ps5/,30
JDP4P5,WATCH DOGS 2 + FAR CRY 4 + MORTAL KOMBAT 11 ULTIMATE + INJUSTICE 2 + DEVIL MAY CRY 5 PS5,Juegos PS5,92820,185640,https://juegosdigitalesps4ps5.com/productos/watch-dogs-2-far-cry-4-mortal-kombat-11-ultimate-injustice-2-devil-may-cry-5-ps5/,30
JDP4P5,REMNANT 2 PS5,Juegos PS5,52360,88060,https://juegosdigitalesps4ps5.com/productos/remnant-2-ps5/,31
JDP4P5,GOTHAM KNIGHTS PS5,Juegos PS5,46410,105910,https://juegosdigitalesps4ps5.com/productos/gotham-knights-ps5/,31
JDP4P5,FIVE NIGHTS AT FREDDYS: SECRET OF THE MIMIC PS5,Juegos PS5,64260,94010,https://juegosdigitalesps4ps5.com/productos/five-nights-at-freddys-secret-of-the-mimic-ps5/,33
JDP4P5,ASSASSIN'S CREED ORIGINS + THE CREW 2 + F1 2021 + FAR CRY 5 PS5,Juegos PS5,86870,173740,https://juegosdigitalesps4ps5.com/productos/assassins-creed-origins-the-crew-2-f1-2021-far-cry-5-ps5/,34
JDP4P5,FIFA 23 + MORTAL KOMBAT 11 + NARUTO SHIPPUDEN STORM 4 + CALL OF DUTY BLACK OPS 4 PS5,Juegos PS5,92820,185640,https://juegosdigitalesps4ps5.com/productos/fifa-23-mortal-kombat-11-naruto-shippuden-storm-4-call-of-duty-black-ops-4-ps5/,35
JDP4P5,FIFA 18 + LEGO STAR WARS THE FORCE AWAKENS + NBA 2K19 + MONSTER HUNTER WORLD PS5,Juegos PS5,80920,161840,https://juegosdigitalesps4ps5.com/productos/fifa-18-lego-star-wars-the-force-awakens-nba-2k19-monster-hunter-world-ps5/,36
JDP4P5,WWE 2K24 + LEGO SUPER HEROES + KINGDOM HEARTS 3 + FIFA 19 PS5,Juegos PS5,95200,190400,https://juegosdigitalesps4ps5.com/productos/wwe-2k24-lego-super-heroes-kingdom-hearts-3-fifa-19-ps5/,36
JDP4P5,MARVEL SPIDER-MAN + JURASSIC WORLD EVOLUTION + MAD MAX + PES 17 PS5,Juegos PS5,92820,185640,https://juegosdigitalesps4ps5.com/productos/marvel-spider-man-jurassic-world-evolution-mad-max-pes-17-ps5-4k6bp/,36
JDP4P5,FIFA 22 + CUPHEAD + NARUTO TO BORUTO SHINOBI STRIKER + BLOODBORNE PS5,Juegos PS5,86870,173740,https://juegosdigitalesps4ps5.com/productos/fifa-22-cuphead-naruto-to-boruto-shinobi-striker-bloodborne-ps5/,36
JDP4P5,RAYMAN LEGENDS + NEED FOR SPEED + MORTAL KOMBAT X + FAR CRY PRIMAL PS5,Juegos PS5,92820,185640,https://juegosdigitalesps4ps5.com/productos/rayman-legends-need-for-speed-mortal-kombat-x-far-cry-primal-ps5/,36
JDP4P5,DYING LIGHT + GRAN TURISMO SPORT + UNCHARTED THE NATHAN DRAKE COLLECTION + WORLD WAR Z PS5,Juegos PS5,89250,178500,https://juegosdigitalesps4ps5.com/productos/dying-light-gran-turismo-sport-uncharted-the-nathan-drake-collection-world-war-z-ps5/,36
JDP4P5,RIDE 4 + ARK SURVIVAL EVOLVED + FIFA 21 + CALL OF DUTY BLACK OPS 3 ZOMBIES CHRONICLES EDITION PS5,Juegos PS5,92820,185640,https://juegosdigitalesps4ps5.com/productos/ride-4-ark-survival-evolved-fifa-21-call-of-duty-black-ops-3-zombies-chronicles-edition-ps5/,36
JDP4P5,THE LAST OF US REMASTERED + CALL OF DUTY COLD WAR + ASSASSIN´S CREED ODYSSEY + NEED FOR SPEED PAYBACK PS5,Juegos PS5,101150,202300,https://juegosdigitalesps4ps5.com/productos/the-last-of-us-remastered-call-of-duty-cold-war-assassins-creed-odyssey-need-for-speed-payback-ps5/,36
JDP4P5,PS PLUS EXTRA 12 MESES PS4 | PS5,PS Plus,183260,366520,https://juegosdigitalesps4ps5.com/productos/ps-plus-extra-12-meses-ps4-ps5/,1
JDP4P5,PS PLUS DELUXE 12 MESES PS4 | PS5,PS Plus,218960,437920,https://juegosdigitalesps4ps5.com/productos/ps-plus-deluxe-12-meses-ps4-ps5/,1
JDP4P5,PS PLUS ESSENTIAL 12 MESES PS4 | PS5,PS Plus,147560,295120,https://juegosdigitalesps4ps5.com/productos/ps-plus-essential-12-meses-ps4-ps5/,1
JDP4P5,PS PLUS EXTRA 6 MESES PS4 | PS5,PS Plus,91630,183260,https://juegosdigitalesps4ps5.com/productos/ps-plus-extra-6-meses-ps4-ps5/,1
JDP4P5,PS PLUS DELUXE 6 MESES PS4 | PS5,PS Plus,109480,218960,https://juegosdigitalesps4ps5.com/productos/ps-plus-deluxe-6-meses-ps4-ps5/,1
JDP4P5,PS PLUS EXTRA 3 MESES PS4 | PS5,PS Plus,160650,321300,https://juegosdigitalesps4ps5.com/productos/ps-plus-extra-3-meses-ps4-ps5/,1
JDP4P5,PS PLUS DELUXE 3 MESES PS4 | PS5,PS Plus,178500,357000,https://juegosdigitalesps4ps5.com/productos/ps-plus-deluxe-3-meses-ps4-ps5/,1
JDP4P5,PS PLUS ESSENTIAL 6 MESES PS4 | PS5,PS Plus,73780,147560,https://juegosdigitalesps4ps5.com/productos/ps-plus-essential-6-meses-ps4-ps5/,1
JDP4P5,PS PLUS ESSENTIAL 3 MESES PS4 | PS5,PS Plus,124950,249900,https://juegosdigitalesps4ps5.com/productos/ps-plus-essential-3-meses-ps4-ps5/,1
JDP4P5,PS PLUS EXTRA 9 MESES PS4 | PS5,PS Plus,137445,274890,https://juegosdigitalesps4ps5.com/productos/ps-plus-extra-9-meses-ps4-ps5/,1
JDP4P5,PS PLUS ESSENTIAL 9 MESES PS4 | PS5,PS Plus,110670,221340,https://juegosdigitalesps4ps5.com/productos/ps-plus-essential-9-meses-ps4-ps5/,1
JDP4P5,PS PLUS ESSENTIAL 1 MES PS4 | PS5,PS Plus,12300,24600,https://juegosdigitalesps4ps5.com/productos/ps-plus-essential-1-mes-ps4-ps5/,1
JDP4P5,PS PLUS DELUXE 1 MES PS4 | PS5,PS Plus,18300,36600,https://juegosdigitalesps4ps5.com/productos/ps-plus-deluxe-1-mes-ps4-ps5/,2
JDP4P5,PS PLUS EXTRA 1 MES PS4 | PS5,PS Plus,15270,30540,https://juegosdigitalesps4ps5.com/productos/ps-plus-extra-1-mes-ps4-ps5/,2
JDP4P5,PS PLUS DELUXE 9 MESES PS4 | PS5,PS Plus,164220,328440,https://juegosdigitalesps4ps5.com/productos/ps-plus-deluxe-9-meses-ps4-ps5/,2
JDP4P5,PS PLUS EXTRA 12 MESES CUENTA AMERICANA PS4 | PS5,PS Plus,236810,473620,https://juegosdigitalesps4ps5.com/productos/ps-plus-extra-12-meses-cuenta-americana-ps4-ps5/,2
JDP4P5,PS PLUS DELUXE 12 MESES CUENTA AMERICANA PS4 | PS5,PS Plus,284410,568820,https://juegosdigitalesps4ps5.com/productos/ps-plus-deluxe-12-meses-cuenta-americana-ps4-ps5/,2
JDP4P5,PS PLUS ESSENTIAL 12 MESES CUENTA AMERICANA PS4 | PS5,PS Plus,177310,354620,https://juegosdigitalesps4ps5.com/productos/ps-plus-essential-12-meses-cuenta-americana-ps4-ps5/,2
JDP4P5,PS PLUS DELUXE 3 MESES CUENTA AMERICANA PS4 | PS5,PS Plus,226100,452200,https://juegosdigitalesps4ps5.com/productos/ps-plus-deluxe-3-meses-cuenta-americana-ps4-ps5/,2
JDP4P5,PS PLUS DELUXE 9 MESES CUENTA AMERICANA PS4 | PS5,PS Plus,213310,426620,https://juegosdigitalesps4ps5.com/productos/ps-plus-deluxe-9-meses-cuenta-americana-ps4-ps5/,2
JDP4P5,PS PLUS DELUXE 6 MESES CUENTA AMERICANA PS4 | PS5,PS Plus,142205,284410,https://juegosdigitalesps4ps5.com/productos/ps-plus-deluxe-6-meses-cuenta-americana-ps4-ps5/,2
JDP4P5,PS PLUS DELUXE 1 MES CUENTA AMERICANA PS4 | PS5,PS Plus,23700,47400,https://juegosdigitalesps4ps5.com/productos/ps-plus-deluxe-1-mes-cuenta-americana-ps4-ps5/,2
JDP4P5,PS PLUS EXTRA 9 MESES CUENTA AMERICANA PS4 | PS5,PS Plus,177610,355220,https://juegosdigitalesps4ps5.com/productos/ps-plus-extra-9-meses-cuenta-americana-ps4-ps5/,2
JDP4P5,PS PLUS EXTRA 6 MESES CUENTA AMERICANA PS4 | PS5,PS Plus,118405,236810,https://juegosdigitalesps4ps5.com/productos/ps-plus-extra-6-meses-cuenta-americana-ps4-ps5/,2
JDP4P5,PS PLUS EXTRA 1 MES CUENTA AMERICANA PS4 | PS5,PS Plus,19735,39470,https://juegosdigitalesps4ps5.com/productos/ps-plus-extra-1-mes-cuenta-americana-ps4-ps5/,3
JDP4P5,PS PLUS ESSENTIAL 9 MESES CUENTA AMERICANA PS4 | PS5,PS Plus,132990,265980,https://juegosdigitalesps4ps5.com/productos/ps-plus-essential-9-meses-cuenta-americana-ps4-ps5/,3
JDP4P5,PS PLUS ESSENTIAL 6 MESES CUENTA AMERICANA PS4 | PS5,PS Plus,88655,177310,https://juegosdigitalesps4ps5.com/productos/ps-plus-essential-6-meses-cuenta-americana-ps4-ps5/,3
JDP4P5,PS PLUS ESSENTIAL 1 MES CUENTA AMERICANA PS4 | PS5,PS Plus,14775,29550,https://juegosdigitalesps4ps5.com/productos/ps-plus-essential-1-mes-cuenta-americana-ps4-ps5/,3
JDP4P5,PS PLUS EXTRA 3 MESES CUENTA AMERICANA PS4 | PS5,PS Plus,190400,380800,https://juegosdigitalesps4ps5.com/productos/ps-plus-extra-3-meses-cuenta-americana-ps4-ps5/,3
JDP4P5,PS PLUS ESSENTIAL 3 MESES CUENTA AMERICANA PS4 | PS5,PS Plus,136850,273700,https://juegosdigitalesps4ps5.com/productos/ps-plus-essential-3-meses-cuenta-americana-ps4-ps5/,3
JDP4P5,GAME PASS ULTIMATE 12 MESES XBOX ONE | XBOX SERIES X/S | PC,Game Pass,428400,856800,https://juegosdigitalesps4ps5.com/productos/game-pass-ultimate-12-meses-xbox-one-xbox-series-x-s-pc/,1
JDP4P5,GAME PASS ULTIMATE 6 MESES XBOX ONE | XBOX SERIES X/S | PC,Game Pass,261800,523600,https://juegosdigitalesps4ps5.com/productos/game-pass-ultimate-6-meses-xbox-one-xbox-series-x-s-pc/,1
JDP4P5,GAME PASS ULTIMATE 10 MESES XBOX ONE | XBOX SERIES X/S | PC,Game Pass,368900,737800,https://juegosdigitalesps4ps5.com/productos/game-pass-ultimate-10-meses-xbox-one-xbox-series-x-s-pc/,1
JDP4P5,GAME PASS CORE 12 MESES XBOX ONE | XBOX SERIES X/S,Game Pass,190400,380800,https://juegosdigitalesps4ps5.com/productos/game-pass-core-12-meses-xbox-one-xbox-series-x-s/,1
JDP4P5,GAME PASS CORE 6 MESES XBOX ONE | XBOX SERIES X/S,Game Pass,119000,238000,https://juegosdigitalesps4ps5.com/productos/game-pass-core-6-meses-xbox-one-xbox-series-x-s/,1
JDP4P5,GAME PASS ULTIMATE 4 MESES XBOX ONE | XBOX SERIES X/S | PC,Game Pass,202300,404600,https://juegosdigitalesps4ps5.com/productos/game-pass-ultimate-4-meses-xbox-one-xbox-series-x-s-pc/,1
