fuente,nombre,categoria,precio,moneda,precio_mostrado,url
PortalGames,3rd Super Robot Wars Z: Tengoku-Hen,Anime,17399,ARS,"$ 17.399,00",https://portalgames.com.ar/product/3rd-super-robot-wars-z-tengoku-hen/
PortalGames,Aegis of Earth: Protonovus Assault PS3,Anime,17399,ARS,"$ 17.399,00",https://portalgames.com.ar/product/aegis-of-earth-protonovus-assault-ps3/
PortalGames,Ar nosurge: Ode to an Unborn Star PS3,Anime,18499,ARS,"$ 18.499,00",https://portalgames.com.ar/product/ar-nosurge-ode-to-an-unborn-star-ps3/
PortalGames,Attack on Titan Wings of Freedom Ps3,Anime,12299,ARS,"$ 12.299,00",https://portalgames.com.ar/product/attack-on-titan-wings-of-freedom-ps3/
PortalGames,Bayonetta Ps3,Anime,19599,ARS,"$ 19.599,00",https://portalgames.com.ar/product/bayonetta-ps3/
PortalGames,Blazblue Centralfiction Ps3,Anime,19599,ARS,"$ 19.599,00",https://portalgames.com.ar/product/blazblue-centralfiction-ps3/
PortalGames,CHAOS CODE PS3,Anime,14299,ARS,"$ 14.299,00",https://portalgames.com.ar/product/chaos-code-ps3/
PortalGames,Deception IV Blood Ties,Anime,19099,ARS,"$ 19.099,00",https://portalgames.com.ar/product/deception-iv-blood-ties/
PortalGames,Dengeki Bunko Fighting Climax (Ingles) PS3,Anime,14299,ARS,"$ 14.299,00",https://portalgames.com.ar/product/dengeki-bunko-fighting-climax-ingles-ps3/
PortalGames,Tales of symphonia,Anime,9099,ARS,"$ 9.099,00",https://portalgames.com.ar/product/tales-of-symphonia/
