Fuente,Tienda,Nombre,Nombre Limpio,Precio Original,Moneda,Precio UYU,Plataforma,Link
Woocommerce,PlayX PSN Plus,PSN PLUS EXTRA 12 MESES PS4,PSN PLUS EXTRA 12 MESES,204 S/.,ARS,5.28,PS4,https://playxdigital.com/psn-plus-extra-12-meses-ps4/
Woocommerce,PlayX PSN Plus,PSN PLUS DELUXE 12 MESES INGLÉS- PS5,PSN PLUS 12 MESES INGLÉS-,204 S/.,ARS,5.28,PS5,https://playxdigital.com/psn-plus-deluxe-12-meses-ingles-ps5/
Woocommerce,PlayX PSN Plus,PSN PLUS DELUXE 12 MESES PS5,PSN PLUS 12 MESES,272 S/.,ARS,7.04,PS5,https://playxdigital.com/psn-plus-deluxe-12-meses-ps5/
Eneba,Eneba - Nintendo Subs,Switch Online Individual Membership 14 Days TRIAL eShop,Switch Online Individual Membership 14 Days TRIAL eShop,2.28 USD,USD,91.72,Nintendo,https://www.eneba.com/latam/nintendo-nintendo-switch-online-individual-membership-14-days-trial-nintendo-eshop-key-united-states
Shopify,GamerLab All,OFERTAS FLASH PS PLUS SOLO PS4 (LATINAS),OFERTAS FLASH PS PLUS SOLO (LATINAS),3.0 USD,USD,120.68,PS4,https://juegosdigitalesgamerlab.com/products/ofertas-flash-ps-plus-solo-ps4-latinas
Eneba,Eneba - Xbox GamePass,Game Pass for PC - 14 days TRIAL Windows Store,Game Pass for PC - 14 days TRIAL Windows Store,4.45 USD,USD,179.01,Xbox,https://www.eneba.com/latam/xbox-xbox-game-pass-for-pc-14-days-trial-windows-store-key-united-states
Eneba,Eneba - EA Play,EA Play 1 month,EA Play 1 month,5.06 USD,USD,203.55,EA Play,https://www.eneba.com/latam/xbox-ea-play-1-month-xbox-live-key-united-states
Eneba,Eneba - EA Play,EA Play 1 month,EA Play 1 month,5.28 USD,USD,212.4,EA Play,https://www.eneba.com/latam/xbox-ea-play-1-month-xbox-live-key-global
Eneba,Eneba - EA Play,EA Play 1 Mes TRIAL One,EA Play 1 Mes TRIAL One,5.67 USD,USD,228.09,EA Play,https://www.eneba.com/latam/xbox-ea-play-1-month-trial-xbox-live-key-global
Shopify,GamerLab All,Membresia Ubisoft +,MEMBRESIA UBISOFT +,6.0 USD,USD,241.37,Ubisoft,https://juegosdigitalesgamerlab.com/products/membresia-ubisoft
Eneba,Eneba - EA Play,EA Play Basic 1 Month XBOX LIVE,EA Play Basic 1 Month XBOX LIVE,6.90 USD,USD,277.57,Xbox,https://www.eneba.com/latam/xbox-ea-play-basic-1-month-xbox-live-key-global
Eneba,Eneba - Nintendo Subs,Switch Online Membership - 3 Months eShop,Switch Online Membership - 3 Months eShop,7.59 USD,USD,305.33,Nintendo,https://www.eneba.com/latam/nintendo-nintendo-switch-online-membership-3-months-eshop-key-united-states
Jdp4p5,JDP4P5 PS Plus,PS PLUS ESSENTIAL 1 MES PS4 | PS5,PS PLUS ESSENTIAL 1 MES |,$12.300,ARS,318.2,PS5,https://juegosdigitalesps4ps5.com/productos/ps-plus-essential-1-mes-ps4-ps5/
Shopify,GamerLab All,OFERTAS FLASH PS PLUS SOLO PS4 (EUROPEAS),OFERTAS FLASH PS PLUS SOLO (EUROPEAS),8.0 USD,USD,321.82,PS4,https://juegosdigitalesgamerlab.com/products/sin-nombre-17feb_00-20
Shopify,GamerLab All,Plus 1 mes - Essential,PLUS 1 MES - ESSENTIAL,8.0 USD,USD,321.82,Otros,https://juegosdigitalesgamerlab.com/products/plus-1-mes-essential
Shopify,GamerLab PSN,Plus 1 mes - Essential,PLUS 1 MES - ESSENTIAL,8.0 USD,USD,321.82,PSN Membresia,https://juegosdigitalesgamerlab.com/products/plus-1-mes-essential
Eneba,Eneba - Xbox GamePass,Game Pass Core (Essential) 1 month,Game Pass Core (Essential) 1 month,8.50 USD,USD,341.94,Xbox,https://www.eneba.com/latam/xbox-xbox-game-pass-core-1-month-key-united-states
Eneba,Eneba - Xbox GamePass,Game Pass Ultimate – 1 Month TRIAL Subscription (/Windows) Non-stackable,Game Pass Ultimate – 1 Month TRIAL Subscription (/Windows) Non-stackable,8.50 USD,USD,341.94,Xbox,https://www.eneba.com/latam/xbox-xbox-game-pass-ultimate-1-month-trial-subscription-xbox-windows-non-stackable-key-united-states
Eneba,Eneba - Xbox GamePass,Game Pass Ultimate – 1 Month Subscription ( One/ Windows 10) non-stackable,Game Pass Ultimate – 1 Month Subscription ( One/ Windows 10) non-stackable,8.61 USD,USD,346.36,Xbox,https://www.eneba.com/latam/xbox-xbox-game-pass-ultimate-1-month-subscription-xbox-one-windows-10-non-stackable-xbox-live-key-united-states
Eneba,Eneba - Xbox GamePass,Game Pass Ultimate – 1 Month Subscription (/Windows) Non-stackable,Game Pass Ultimate – 1 Month Subscription (/Windows) Non-stackable,8.61 USD,USD,346.36,Xbox,https://www.eneba.com/latam/xbox-xbox-game-pass-ultimate-1-month-subscription-xbox-windows-non-stackable-key-united-states
Shopify,GamerLab PS4,Plus 1 mes - EXTRA,PLUS 1 MES - EXTRA,9.0 USD,USD,362.05,PS4,https://juegosdigitalesgamerlab.com/products/plus-1-mes-essential-cuenta-panama
Shopify,GamerLab PSN,Plus 1 mes - EXTRA,PLUS 1 MES - EXTRA,9.0 USD,USD,362.05,PSN Membresia,https://juegosdigitalesgamerlab.com/products/plus-1-mes-essential-cuenta-panama
Shopify,GamerLab All,Plus 1 mes - EXTRA,PLUS 1 MES - EXTRA,9.0 USD,USD,362.05,Otros,https://juegosdigitalesgamerlab.com/products/plus-1-mes-essential-cuenta-panama
Shopify,GamerLab PS5,Plus 1 mes - EXTRA,PLUS 1 MES - EXTRA,9.0 USD,USD,362.05,PS5,https://juegosdigitalesgamerlab.com/products/plus-1-mes-essential-cuenta-panama
Woocommerce,MDQ PS Plus,Ps Plus 1 Mes Essential Ps5 (Slot),PS PLUS 1 MES ESSENTIAL (SLOT),"$ 14,500.00",ARS,375.12,PS5,https://mdqstore.com/producto/ps-plus-1-mes-essential-ps5-slot/
Jdp4p5,JDP4P5 PS Plus,PS PLUS ESSENTIAL 1 MES CUENTA AMERICANA PS4 | PS5,PS PLUS ESSENTIAL 1 MES AMERICANA |,$14.775,ARS,382.23,PS5,https://juegosdigitalesps4ps5.com/productos/ps-plus-essential-1-mes-cuenta-americana-ps4-ps5/
Woocommerce,MDQ PS Plus,Ps Plus 1 Mes Essential Ps4 (Slot),PS PLUS 1 MES ESSENTIAL (SLOT),"$ 15,000.00",ARS,388.05,PS4,https://mdqstore.com/producto/ps-plus-1-mes-essential-slot/
Jdp4p5,JDP4P5 PS Plus,PS PLUS EXTRA 1 MES PS4 | PS5,PS PLUS EXTRA 1 MES |,$15.270,ARS,395.04,PS5,https://juegosdigitalesps4ps5.com/productos/ps-plus-extra-1-mes-ps4-ps5/
Shopify,GamerLab All,PS Plus Deluxe 1 Mes,PS PLUS 1 MES,10.0 USD,USD,402.28,PSN Membresia,https://juegosdigitalesgamerlab.com/products/plus-1-mes-deluxe
Shopify,GamerLab PSN,PS Plus Deluxe 1 Mes,PS PLUS 1 MES,10.0 USD,USD,402.28,PSN Membresia,https://juegosdigitalesgamerlab.com/products/plus-1-mes-deluxe
Eneba,Eneba - Xbox GamePass,Game Pass Premium 1 month,Game Pass Premium 1 month,10.31 USD,USD,414.75,Xbox,https://www.eneba.com/latam/xbox-xbox-game-pass-1-month-key-united-states
Eneba,Eneba - Xbox GamePass,Game Pass Ultimate – 14 Days TRIAL Subscription ( One/ Windows 10),Game Pass Ultimate – 14 Days TRIAL Subscription ( One/ Windows 10),10.48 USD,USD,421.59,Xbox,https://www.eneba.com/latam/xbox-xbox-game-pass-ultimate-14-days-trial-subscription-xbox-one-windows-10-xbox-live-key-united-states
Jdp4p5,JDP4P5 PS Plus,PS PLUS DELUXE 1 MES PS4 | PS5,PS PLUS 1 MES |,$18.300,ARS,473.42,PS5,https://juegosdigitalesps4ps5.com/productos/ps-plus-deluxe-1-mes-ps4-ps5/
Eneba,Eneba - Xbox GamePass,Game Pass Core (Essential) 1 month TRIAL,Game Pass Core (Essential) 1 month TRIAL,12.07 USD,USD,485.55,Xbox,https://www.eneba.com/latam/xbox-xbox-game-pass-core-1-month-trial-key-united-states
Woocommerce,MDQ PS Plus,Ps Plus 1 Mes Extra Ps4 (Slot),PS PLUS 1 MES EXTRA (SLOT),"$ 19,500.00",ARS,504.47,PS4,https://mdqstore.com/producto/ps-plus-1-mes-extra-ps4-slot/
Woocommerce,MDQ PS Plus,Ps Plus 1 Mes Extra Ps5 (Slot),PS PLUS 1 MES EXTRA (SLOT),"$ 19,500.00",ARS,504.47,PS5,https://mdqstore.com/producto/ps-plus-1-mes-extra-ps5-slot/
Jdp4p5,JDP4P5 PS Plus,PS PLUS EXTRA 1 MES CUENTA AMERICANA PS4 | PS5,PS PLUS EXTRA 1 MES AMERICANA |,$19.735,ARS,510.54,PS5,https://juegosdigitalesps4ps5.com/productos/ps-plus-extra-1-mes-cuenta-americana-ps4-ps5/
Woocommerce,PlayX Switch Online,Nintendo Membresia 12 meses,MEMBRESIA 12 MESES,"€ 11,25",EUR,518.28,Nintendo,https://playxdigital.com/nintendo-membresia-12-meses/
Eneba,Eneba - Xbox GamePass,"Game Pass Ultimate – 1 Month Subscription (/Windows) (Non-stackable, valid for a week after purchase)","Game Pass Ultimate – 1 Month Subscription (/Windows) (Non-stackable, valid for a week after purchase)",13.16 USD,USD,529.4,Xbox,https://www.eneba.com/latam/xbox-xbox-game-pass-ultimate-1-month-subscription-xbox-windows-non-stackable-valid-for-a-week-after-purchase-key-global
Eneba,Eneba - Xbox GamePass,Game Pass Ultimate – 1 Month Subscription (/Windows) Non-stackable,Game Pass Ultimate – 1 Month Subscription (/Windows) Non-stackable,13.22 USD,USD,531.81,Xbox,https://www.eneba.com/latam/xbox-xbox-game-pass-ultimate-1-month-subscription-xbox-windows-non-stackable-key-global
Woocommerce,WebGame GiftCards,PS Plus Essential,PS PLUS ESSENTIAL,$ 550,UYU,550.0,PSN Membresia,https://web-game.net/shop/gift-card/psplus-essential/
Shopify,GamerLab All,Plus 3 meses - Essential,PLUS 3 MESES - ESSENTIAL,14.0 USD,USD,563.19,Otros,https://juegosdigitalesgamerlab.com/products/plus-3-mes-essential
Shopify,GamerLab PSN,Plus 3 meses - Essential,PLUS 3 MESES - ESSENTIAL,14.0 USD,USD,563.19,PSN Membresia,https://juegosdigitalesgamerlab.com/products/plus-3-mes-essential
Jdp4p5,JDP4P5 PS Plus,PS PLUS DELUXE 1 MES CUENTA AMERICANA PS4 | PS5,PS PLUS 1 MES AMERICANA |,$23.700,ARS,613.12,PS5,https://juegosdigitalesps4ps5.com/productos/ps-plus-deluxe-1-mes-cuenta-americana-ps4-ps5/
Woocommerce,MDQ PS Plus,Ps Plus 1 Mes Deluxe Ps4 (Slot),PS PLUS 1 MES (SLOT),"$ 24,200.00",ARS,626.05,PS4,https://mdqstore.com/producto/ps-plus-1-mes-deluxe-ps4-slot/
Woocommerce,MDQ PS Plus,Ps Plus 1 Mes Deluxe Ps5 (Slot),PS PLUS 1 MES (SLOT),"$ 24,500.00",ARS,633.82,PS5,https://mdqstore.com/producto/ps-plus-1-mes-deluxe-ps5-slot/
Eneba,Eneba - Nintendo Subs,Switch Online 3 Months Individual Membership - eShop,Switch Online 3 Months Individual Membership - eShop,15.79 USD,USD,635.2,Nintendo,https://www.eneba.com/latam/nintendo-nintendo-switch-online-3-months-individual-membership-nintendo-eshop-key-united-states
Woocommerce,UYJuegos Nintendo,Nintendo Membresia BASICA 12 meses CUENTA,MEMBRESIA BASICA 12 MESES,645 UYU,UYU,645.0,Nintendo,https://uruguayjuegosdigitales.com/tienda/juegos-nintendo/estrenos-nintendo-switch/nintendo-membresia-basica-12-meses-cuenta/
Eneba,Eneba - Xbox GamePass,Game Pass for Console 3 Months,Game Pass for Console 3 Months,17.16 USD,USD,690.31,Xbox,https://www.eneba.com/latam/xbox-xbox-game-pass-for-console-3-months-key-united-states
Eneba,Eneba - Nintendo Subs,Switch Online Suscripción - 12 Meses eShop Clave,Switch Online Suscripción - 12 Meses eShop Clave,17.35 USD,USD,697.95,Nintendo,https://www.eneba.com/latam/nintendo-nintendo-switch-online-membership-12-months-eshop-key-united-states
Shopify,GamerLab All,Xbox Game Pass Ultimate (Formato Cuenta),GAME PASS (FORMATO ),17.99 USD,USD,723.7,Xbox,https://juegosdigitalesgamerlab.com/products/xbox-game-pass-ultimate-formato-cuenta
Shopify,GamerLab All,Plus 3 meses - Extra,PLUS 3 MESES - EXTRA,18.0 USD,USD,724.1,Otros,https://juegosdigitalesgamerlab.com/products/plus-3-meses-extra-cuenta-principal-ps4
Shopify,GamerLab PSN,Plus 3 meses - Extra,PLUS 3 MESES - EXTRA,18.0 USD,USD,724.1,PSN Membresia,https://juegosdigitalesgamerlab.com/products/plus-3-meses-extra-cuenta-principal-ps4
Eneba,Eneba - Xbox GamePass,Game Pass Ultimate – 1 Month Subscription ( One/ Windows 10),Game Pass Ultimate – 1 Month Subscription ( One/ Windows 10),18.40 USD,USD,740.19,Xbox,https://www.eneba.com/latam/xbox-xbox-game-pass-ultimate-1-month-subscription-xbox-one-windows-10-xbox-live-key-united-states
Eneba,Eneba - Nintendo Subs,Switch Online 12 Months Individual Membership - eShop,Switch Online 12 Months Individual Membership - eShop,19.30 USD,USD,776.4,Nintendo,https://www.eneba.com/latam/nintendo-nintendo-switch-online-12-months-individual-membership-nintendo-eshop-key-united-states
Eneba,Eneba - Xbox GamePass,Game Pass Core (Essential) 3 meses,Game Pass Core (Essential) 3 meses,19.60 USD,USD,788.47,Xbox,https://www.eneba.com/latam/xbox-xbox-game-pass-core-3-months-key-united-states
Shopify,GamerLab PS4,EA PLAY 12 MESES PS4,EA PLAY 12 MESES,20.0 USD,USD,804.56,PS4,https://juegosdigitalesgamerlab.com/products/eaplay-12-meses-ps4
Shopify,GamerLab PS4,Plus 1 año - Essential,PLUS 1 AÑO - ESSENTIAL,20.0 USD,USD,804.56,PS4,https://juegosdigitalesgamerlab.com/products/plus-1-mes-essential-1
Shopify,GamerLab PS5,EA PLAY 12 MESES PS5,EA PLAY 12 MESES,20.0 USD,USD,804.56,PS5,https://juegosdigitalesgamerlab.com/products/membresia-cuenta-eaplay-12-meses-ps5
Shopify,GamerLab PS5,Plus 1 año - Essential,PLUS 1 AÑO - ESSENTIAL,20.0 USD,USD,804.56,PS5,https://juegosdigitalesgamerlab.com/products/plus-1-mes-essential-1
Shopify,GamerLab All,EA PLAY 12 MESES PS5,EA PLAY 12 MESES,20.0 USD,USD,804.56,PS5,https://juegosdigitalesgamerlab.com/products/membresia-cuenta-eaplay-12-meses-ps5
Shopify,GamerLab All,EA PLAY 12 MESES PS4,EA PLAY 12 MESES,20.0 USD,USD,804.56,PS4,https://juegosdigitalesgamerlab.com/products/eaplay-12-meses-ps4
Shopify,GamerLab All,Plus 1 año - Essential,PLUS 1 AÑO - ESSENTIAL,20.0 USD,USD,804.56,Otros,https://juegosdigitalesgamerlab.com/products/plus-1-mes-essential-1
Shopify,GamerLab PSN,Plus 1 año - Essential,PLUS 1 AÑO - ESSENTIAL,20.0 USD,USD,804.56,PSN Membresia,https://juegosdigitalesgamerlab.com/products/plus-1-mes-essential-1
Shopify,GamerLab EA Play,EA PLAY 12 MESES PS5,EA PLAY 12 MESES,20.0 USD,USD,804.56,PS5,https://juegosdigitalesgamerlab.com/products/membresia-cuenta-eaplay-12-meses-ps5
Shopify,GamerLab EA Play,EA PLAY 12 MESES PS4,EA PLAY 12 MESES,20.0 USD,USD,804.56,PS4,https://juegosdigitalesgamerlab.com/products/eaplay-12-meses-ps4
Eneba,Eneba - EA Play,EA Play 6 Month Subscription ( One/ Series S|X),EA Play 6 Month Subscription ( One/ Series S|X),20.19 USD,USD,812.2,EA Play,https://www.eneba.com/latam/xbox-ea-play-6-month-subscription-xbox-one-xbox-series-s-x-key-global
Eneba,Eneba - EA Play,EA Play 6 Month Subscription ( One/ Series S|X),EA Play 6 Month Subscription ( One/ Series S|X),20.52 USD,USD,825.48,EA Play,https://www.eneba.com/latam/xbox-ea-play-6-month-subscription-xbox-one-xbox-series-s-x-key-united-states
Woocommerce,MDQ PS Plus,Ps Plus 3 Meses Essential Ps5 (Slot),PS PLUS 3 MESES ESSENTIAL (SLOT),"$ 32,900.00",ARS,851.12,PS5,https://mdqstore.com/producto/ps-plus-3-meses-essential-ps5-slot/
Woocommerce,WebGame GiftCards,PS Plus Extra,PS PLUS EXTRA,$ 890,UYU,890.0,PSN Membresia,https://web-game.net/shop/gift-card/psplus-extra/
Zonadigital,ZonaDigital EA Play,EA PLAY CODIGO,EA PLAY,$21.592,CLP,916.42,EA Play,https://zonadigitalmd.comproducto/ea-play-codigo
Woocommerce,MDQ PS Plus,Ps Plus 3 Meses Essential Ps4 (Slot),PS PLUS 3 MESES ESSENTIAL (SLOT),"$ 35,500.00",ARS,918.39,PS4,https://mdqstore.com/producto/ps-plus-3-meses-essential-slot/
Shopify,GamerLab PS4,Plus 3 meses - Deluxe,PLUS 3 MESES -,23.0 USD,USD,925.24,PS4,https://juegosdigitalesgamerlab.com/products/plus-3-mes-deluxe
Shopify,GamerLab PSN,Plus 3 meses - Deluxe,PLUS 3 MESES -,23.0 USD,USD,925.24,PSN Membresia,https://juegosdigitalesgamerlab.com/products/plus-3-mes-deluxe
Shopify,GamerLab All,Plus 3 meses - Deluxe,PLUS 3 MESES -,23.0 USD,USD,925.24,Otros,https://juegosdigitalesgamerlab.com/products/plus-3-mes-deluxe
Woocommerce,MDQ PS Plus,Ps Plus 6 Meses Essential Ps4 (Slot),PS PLUS 6 MESES ESSENTIAL (SLOT),"$ 38,500.00",ARS,996.0,PS4,https://mdqstore.com/producto/ps-plus-6-meses-essential-ps4-slot/
Shopify,Alpha PS4 Primaria,PS PLUS ESSENTIAL PS4,PS PLUS ESSENTIAL,25.0 USD,USD,1005.7,PS4,https://alphajuegosdigitales.com/products/ps-plus-essential-ps4-cuenta-principal
Woocommerce,MDQ PS Plus,Ps Plus 3 Meses Extra Ps4 (Slot),PS PLUS 3 MESES EXTRA (SLOT),"$ 41,250.00",ARS,1067.14,PS4,https://mdqstore.com/producto/ps-plus-3-meses-extra-slot/
Woocommerce,MDQ PS Plus,Ps Plus 3 Meses Extra Ps5 (Slot),PS PLUS 3 MESES EXTRA (SLOT),"$ 41,500.00",ARS,1073.61,PS5,https://mdqstore.com/producto/ps-plus-3-meses-extra-ps5-slot/
Eneba,Eneba - Xbox GamePass,Game Pass for PC - 3 Month TRIAL Windows Store Non-stackable,Game Pass for PC - 3 Month TRIAL Windows Store Non-stackable,27.47 USD,USD,1105.06,Xbox,https://www.eneba.com/latam/xbox-xbox-game-pass-for-pc-3-month-trial-windows-store-non-stackable-key-united-states
Woocommerce,UYJuegos Nintendo,NINTENDO MEMBRESIA 12 MESES CODIGO,MEMBRESIA 12 MESES,1.118 UYU,UYU,1118.0,Nintendo,https://uruguayjuegosdigitales.com/tienda/juegos-nintendo/estrenos-nintendo-switch/nintendo-membresia-12-meses-codigo-2/
Eneba,Eneba - EA Play,EA Play 12 Meses One,EA Play 12 Meses One,27.92 USD,USD,1123.16,EA Play,https://www.eneba.com/latam/xbox-ea-play-12-months-xbox-live-key-global
Woocommerce,MDQ PS Plus,Ps Plus 3 Meses Deluxe Ps4 (Slot),PS PLUS 3 MESES (SLOT),"$ 44,500.00",ARS,1151.22,PS4,https://mdqstore.com/producto/ps-plus-3-meses-deluxe-slot/
Eneba,Eneba - Nintendo Subs,Switch Online Family Membership - 12 Months eShop,Switch Online Family Membership - 12 Months eShop,29.77 USD,USD,1197.58,Nintendo,https://www.eneba.com/latam/nintendo-nintendo-switch-online-family-membership-12-months-eshop-key-north-america
Eneba,Eneba - EA Play,EA Play 12 Meses One,EA Play 12 Meses One,31.68 USD,USD,1274.42,EA Play,https://www.eneba.com/latam/xbox-ea-play-12-months-xbox-live-key-united-states
Woocommerce,PlayX Switch Online,Nintendo Membresia 12 meses mas paquete de expansion,MEMBRESIA 12 MESES MAS PAQUETE DE EXPANSION,"€ 27,71",EUR,1276.57,Nintendo,https://playxdigital.com/nintendo-membresia-12-meses-mas-paquete-de-expansion/
Eneba,Eneba - Xbox GamePass,Game Pass Core (Essential) 6 months,Game Pass Core (Essential) 6 months,33.75 USD,USD,1357.69,Xbox,https://www.eneba.com/latam/xbox-xbox-game-pass-core-6-months-key-united-states
Woocommerce,MDQ PS Plus,Ps Plus 3 Meses Deluxe Ps5 (Slot),PS PLUS 3 MESES (SLOT),"$ 53,500.00",ARS,1384.05,PS5,https://mdqstore.com/producto/ps-plus-3-meses-deluxe-ps5-slot/
Shopify,Alpha PS4 Primaria,PS PLUS EXTRA PS4,PS PLUS EXTRA,35.0 USD,USD,1407.98,PS4,https://alphajuegosdigitales.com/products/plus-essential-ps4
Shopify,GamerLab All,PS PLUS EXTRA 6 MESES,PS PLUS EXTRA 6 MESES,35.0 USD,USD,1407.98,PSN Membresia,https://juegosdigitalesgamerlab.com/products/ps-plus-extra-6-meses
Woocommerce,MDQ PS Plus,Ps Plus 12 Meses Essential Ps4 (Slot),PS PLUS 12 MESES ESSENTIAL (SLOT),"$ 59,990.00",ARS,1551.94,PS4,https://mdqstore.com/producto/ps-plus-12-meses-essential-slot/
Shopify,GamerLab All,Plus 1 año - Extra,PLUS 1 AÑO - EXTRA,40.0 USD,USD,1609.11,Otros,https://juegosdigitalesgamerlab.com/products/plus-1-ano-extra-cuenta-principal-ps4
Shopify,GamerLab PS4,Plus 1 año - Extra,PLUS 1 AÑO - EXTRA,40.0 USD,USD,1609.11,PS4,https://juegosdigitalesgamerlab.com/products/plus-1-ano-extra-cuenta-principal-ps4
Shopify,GamerLab PSN,Plus 1 año - Extra,PLUS 1 AÑO - EXTRA,40.0 USD,USD,1609.11,PSN Membresia,https://juegosdigitalesgamerlab.com/products/plus-1-ano-extra-cuenta-principal-ps4
Eneba,Eneba - Xbox GamePass,Game Pass Premium 3 months,Game Pass Premium 3 months,40.20 USD,USD,1617.16,Xbox,https://www.eneba.com/latam/xbox-xbox-game-pass-3-months-key-united-states
Woocommerce,MDQ PS Plus,Ps Plus 12 Meses Essential Ps5 (Slot),PS PLUS 12 MESES ESSENTIAL (SLOT),"$ 64,500.00",ARS,1668.62,PS5,https://mdqstore.com/producto/ps-plus-12-meses-essential-ps5-slot/
Woocommerce,MDQ PS Plus,Ps Plus 6 Meses Deluxe Ps4 (Slot),PS PLUS 6 MESES (SLOT),"$ 65,800.00",ARS,1702.25,PS4,https://mdqstore.com/producto/ps-plus-6-meses-deluxe-ps4-slot/
Shopify,GamerLab PSN,Plus 1 año - Deluxe,PLUS 1 AÑO -,45.0 USD,USD,1810.25,PSN Membresia,https://juegosdigitalesgamerlab.com/products/plus-1-ano-deluxe-cuenta-principal-ps4
Shopify,GamerLab All,Plus 1 año - Deluxe,PLUS 1 AÑO -,45.0 USD,USD,1810.25,Otros,https://juegosdigitalesgamerlab.com/products/plus-1-ano-deluxe-cuenta-principal-ps4
Zonadigital,ZonaDigital GamePass,XBOX GAME PASS ULTIMATE CODIGO,GAME PASS,$43.192,CLP,1833.17,Xbox,https://zonadigitalmd.comproducto/p2857926
Jdp4p5,JDP4P5 PS Plus,PS PLUS ESSENTIAL 6 MESES PS4 | PS5,PS PLUS ESSENTIAL 6 MESES |,$73.780,ARS,1908.69,PS5,https://juegosdigitalesps4ps5.com/productos/ps-plus-essential-6-meses-ps4-ps5/
Eneba,Eneba - Xbox GamePass,Game Pass Ultimate – 3 Month Subscription ( One/Windows 10),Game Pass Ultimate – 3 Month Subscription ( One/Windows 10),49.76 USD,USD,2001.74,Xbox,https://www.eneba.com/latam/xbox-xbox-game-pass-ultimate-3-month-subscription-xbox-one-windows-10-xbox-live-key-united-states
Shopify,Alpha PS5 Primaria,PS PLUS ESSENTIAL PS5,PS PLUS ESSENTIAL,50.0 USD,USD,2011.39,PS5,https://alphajuegosdigitales.com/products/grand-theft-auto-the-triology-cuenta-principal-ps5
Shopify,Alpha PS5 Secundaria,PS PLUS ESSENTIAL PS5,PS PLUS ESSENTIAL,50.0 USD,USD,2011.39,PS5,https://alphajuegosdigitales.com/products/grand-theft-auto-the-triology-cuenta-principal-ps5
Woocommerce,MDQ PS4,FC 26 + PS PLUS 12 MESES ESSENTIAL PS4,FC 26 + PS PLUS 12 MESES ESSENTIAL,"$ 84,999.00",ARS,2198.93,PS4,https://mdqstore.com/producto/fc-26-ps-plus-12-meses-essential-ps4/
Woocommerce,MDQ PS5,FC 26 + PS PLUS 12 MESES ESSENTIAL PS5,FC 26 + PS PLUS 12 MESES ESSENTIAL,"$ 86,999.00",ARS,2250.67,PS5,https://mdqstore.com/producto/fc-26-ps-plus-12-meses-essential-ps5/
Jdp4p5,JDP4P5 PS Plus,PS PLUS ESSENTIAL 6 MESES CUENTA AMERICANA PS4 | PS5,PS PLUS ESSENTIAL 6 MESES AMERICANA |,$88.655,ARS,2293.51,PS5,https://juegosdigitalesps4ps5.com/productos/ps-plus-essential-6-meses-cuenta-americana-ps4-ps5/
Jdp4p5,JDP4P5 PS Plus,PS PLUS EXTRA 6 MESES PS4 | PS5,PS PLUS EXTRA 6 MESES |,$91.630,ARS,2370.47,PS5,https://juegosdigitalesps4ps5.com/productos/ps-plus-extra-6-meses-ps4-ps5/
Woocommerce,MDQ PS Plus,Ps Plus 12 Meses Extra Ps4 (Slot),PS PLUS 12 MESES EXTRA (SLOT),"$ 93,500.00",ARS,2418.85,PS4,https://mdqstore.com/producto/ps-plus-12-meses-extra-slot/
Eneba,Eneba - Xbox GamePass,Game Pass Core (Essential) 12 months,Game Pass Core (Essential) 12 months,60.66 USD,USD,2440.22,Xbox,https://www.eneba.com/latam/xbox-xbox-game-pass-core-12-months-key-united-states
Eneba,Eneba - Xbox GamePass,Game Pass for PC - 3 Month Windows 10 Store,Game Pass for PC - 3 Month Windows 10 Store,62.25 USD,USD,2504.18,Xbox,https://www.eneba.com/latam/xbox-xbox-game-pass-for-pc-3-month-windows-10-store-key-united-states
Woocommerce,MDQ PS Plus,Ps Plus 12 Meses Extra Ps5 (Slot),PS PLUS 12 MESES EXTRA (SLOT),"$ 98,500.00",ARS,2548.2,PS5,https://mdqstore.com/producto/ps-plus-12-meses-extra-ps5-slot/
Woocommerce,MDQ PS Plus,Ps Plus 12 Meses Deluxe Ps4 (Slot),PS PLUS 12 MESES (SLOT),"$ 105,000.00",ARS,2716.35,PS4,https://mdqstore.com/producto/ps-plus-12-meses-deluxe-slot/
Jdp4p5,JDP4P5 PS Plus,PS PLUS DELUXE 6 MESES PS4 | PS5,PS PLUS 6 MESES |,$109.480,ARS,2832.25,PS5,https://juegosdigitalesps4ps5.com/productos/ps-plus-deluxe-6-meses-ps4-ps5/
Jdp4p5,JDP4P5 PS Plus,PS PLUS ESSENTIAL 9 MESES PS4 | PS5,PS PLUS ESSENTIAL 9 MESES |,$110.670,ARS,2863.03,PS5,https://juegosdigitalesps4ps5.com/productos/ps-plus-essential-9-meses-ps4-ps5/
Jdp4p5,JDP4P5 PS Plus,PS PLUS EXTRA 6 MESES CUENTA AMERICANA PS4 | PS5,PS PLUS EXTRA 6 MESES AMERICANA |,$118.405,ARS,3063.14,PS5,https://juegosdigitalesps4ps5.com/productos/ps-plus-extra-6-meses-cuenta-americana-ps4-ps5/
Jdp4p5,JDP4P5 GamePass,GAME PASS CORE 6 MESES XBOX ONE | XBOX SERIES X/S,GAME PASS CORE 6 MESES ONE | SERIES X/S,$119.000,ARS,3078.53,Xbox,https://juegosdigitalesps4ps5.com/productos/game-pass-core-6-meses-xbox-one-xbox-series-x-s/
Eneba,Eneba - PSN Plus,Suscripción PlayStation Plus Card 365 días (USA) código Estados Unidos,Suscripción PlayStation Plus Card 365 días (USA) código Estados Unidos,76.89 USD,USD,3093.12,PSN Membresia,https://www.eneba.com/latam/psn-playstation-network-card-psn-365-days-usa-psn-key-united-states
Jdp4p5,JDP4P5 PS Plus,PS PLUS ESSENTIAL 3 MESES PS4 | PS5,PS PLUS ESSENTIAL 3 MESES |,$124.950,ARS,3232.46,PS5,https://juegosdigitalesps4ps5.com/productos/ps-plus-essential-3-meses-ps4-ps5/
Woocommerce,MDQ PS Plus,Ps Plus 12 Meses Deluxe Ps5 (Slot),PS PLUS 12 MESES (SLOT),"$ 125,999.00",ARS,3259.6,PS5,https://mdqstore.com/producto/ps-plus-12-meses-deluxe-ps5-slot/
Shopify,Alpha PS5 Secundaria,PS PLUS EXTRA PS5,PS PLUS EXTRA,85.0 USD,USD,3419.37,PS5,https://alphajuegosdigitales.com/products/ps-plus-premium-ps5
Shopify,Alpha PS5 Primaria,PS PLUS EXTRA PS5,PS PLUS EXTRA,85.0 USD,USD,3419.37,PS5,https://alphajuegosdigitales.com/products/ps-plus-premium-ps5
Jdp4p5,JDP4P5 PS Plus,PS PLUS ESSENTIAL 9 MESES CUENTA AMERICANA PS4 | PS5,PS PLUS ESSENTIAL 9 MESES AMERICANA |,$132.990,ARS,3440.45,PS5,https://juegosdigitalesps4ps5.com/productos/ps-plus-essential-9-meses-cuenta-americana-ps4-ps5/
Jdp4p5,JDP4P5 PS Plus,PS PLUS ESSENTIAL 3 MESES CUENTA AMERICANA PS4 | PS5,PS PLUS ESSENTIAL 3 MESES AMERICANA |,$136.850,ARS,3540.31,PS5,https://juegosdigitalesps4ps5.com/productos/ps-plus-essential-3-meses-cuenta-americana-ps4-ps5/
Jdp4p5,JDP4P5 PS Plus,PS PLUS EXTRA 9 MESES PS4 | PS5,PS PLUS EXTRA 9 MESES |,$137.445,ARS,3555.7,PS5,https://juegosdigitalesps4ps5.com/productos/ps-plus-extra-9-meses-ps4-ps5/
Jdp4p5,JDP4P5 PS Plus,PS PLUS DELUXE 6 MESES CUENTA AMERICANA PS4 | PS5,PS PLUS 6 MESES AMERICANA |,$142.205,ARS,3678.84,PS5,https://juegosdigitalesps4ps5.com/productos/ps-plus-deluxe-6-meses-cuenta-americana-ps4-ps5/
Eneba,Eneba - Nintendo Subs,Switch Online 12 Month Family Membership + Expansion Pack eShop,Switch Online 12 Month Family Membership + Expansion Pack eShop,91.60 USD,USD,3684.87,Nintendo,https://www.eneba.com/latam/nintendo-nintendo-switch-online-12-month-family-membership-expansion-pack-eshop-key-united-states
Jdp4p5,JDP4P5 PS Plus,PS PLUS ESSENTIAL 12 MESES PS4 | PS5,PS PLUS ESSENTIAL 12 MESES |,$147.560,ARS,3817.38,PS5,https://juegosdigitalesps4ps5.com/productos/ps-plus-essential-12-meses-ps4-ps5/
Jdp4p5,JDP4P5 PS Plus,PS PLUS EXTRA 3 MESES PS4 | PS5,PS PLUS EXTRA 3 MESES |,$160.650,ARS,4156.02,PS5,https://juegosdigitalesps4ps5.com/productos/ps-plus-extra-3-meses-ps4-ps5/
Jdp4p5,JDP4P5 PS Plus,PS PLUS DELUXE 9 MESES PS4 | PS5,PS PLUS 9 MESES |,$164.220,ARS,4248.37,PS5,https://juegosdigitalesps4ps5.com/productos/ps-plus-deluxe-9-meses-ps4-ps5/
Woocommerce,UYJuegos Nintendo,Nintendo Switch Online 12 Month Family Membership + Expansion Pack Código Region USA,SWITCH 12 MONTH FAMILY MEMBERSHIP + EXPANSION PACK REGION USA,4.343 UYU,UYU,4343.0,Nintendo,https://uruguayjuegosdigitales.com/tienda/juegos-nintendo/estrenos-nintendo-switch/nintendo-switch-online-12-month-family-membership-expansion-pack-codigo-region-usa/
Jdp4p5,JDP4P5 PS Plus,PS PLUS ESSENTIAL 12 MESES CUENTA AMERICANA PS4 | PS5,PS PLUS ESSENTIAL 12 MESES AMERICANA |,$177.310,ARS,4587.01,PS5,https://juegosdigitalesps4ps5.com/productos/ps-plus-essential-12-meses-cuenta-americana-ps4-ps5/
Jdp4p5,JDP4P5 PS Plus,PS PLUS EXTRA 9 MESES CUENTA AMERICANA PS4 | PS5,PS PLUS EXTRA 9 MESES AMERICANA |,$177.610,ARS,4594.77,PS5,https://juegosdigitalesps4ps5.com/productos/ps-plus-extra-9-meses-cuenta-americana-ps4-ps5/
Jdp4p5,JDP4P5 PS4,PS PLUS EXTRA 12 MESES + RED DEAD REDEMPTION 2 + UNCHARTED 4 + UNCHARTED THE LOST LEGACY + GANG BEASTS PS4,PS PLUS EXTRA 12 MESES + RED DEAD REDEMPTION 2 + UNCHARTED 4 + UNCHARTED THE LOST LEGACY + GANG BEASTS,$178.500,ARS,4617.8,PS4,https://juegosdigitalesps4ps5.com/productos/ps-plus-extra-12-meses-red-dead-redemption-2-uncharted-4-uncharted-the-lost-legacy-gang-beasts-ps4/
Jdp4p5,JDP4P5 PS Plus,PS PLUS DELUXE 3 MESES PS4 | PS5,PS PLUS 3 MESES |,$178.500,ARS,4617.8,PS5,https://juegosdigitalesps4ps5.com/productos/ps-plus-deluxe-3-meses-ps4-ps5/
Jdp4p5,JDP4P5 PS4,PS PLUS ESSENTIAL 12 MESES + EA SPORTS FC 26 + ELDEN RING NIGHTREIGN + CALL OF DUTY BLACK OPS 6 PS4,PS PLUS ESSENTIAL 12 MESES + EA SPORTS FC 26 + ELDEN RING NIGHTREIGN + CALL OF DUTY BLACK OPS 6,$178.500,ARS,4617.8,PS4,https://juegosdigitalesps4ps5.com/productos/ps-plus-essential-12-meses-ea-sports-fc-26-elden-ring-nightreign-call-of-duty-black-ops-6-ps4/
Shopify,Alpha Xbox,XBOX ULTIMATE GAME PASS 14 MESES XBOX ONE/ SERIE X & S o PC,GAME PASS 14 MESES ONE/ SERIE X & S O,115.0 USD,USD,4626.2,Xbox,https://alphajuegosdigitales.com/products/xbox-ultimate-game-pass-14-meses-xbox-one-serie-x-s-o-pc
Jdp4p5,JDP4P5 PS Plus,PS PLUS EXTRA 12 MESES PS4 | PS5,PS PLUS EXTRA 12 MESES |,$183.260,ARS,4740.94,PS5,https://juegosdigitalesps4ps5.com/productos/ps-plus-extra-12-meses-ps4-ps5/
Jdp4p5,JDP4P5 PS Plus,PS PLUS EXTRA 3 MESES CUENTA AMERICANA PS4 | PS5,PS PLUS EXTRA 3 MESES AMERICANA |,$190.400,ARS,4925.65,PS5,https://juegosdigitalesps4ps5.com/productos/ps-plus-extra-3-meses-cuenta-americana-ps4-ps5/
Jdp4p5,JDP4P5 GamePass,GAME PASS CORE 12 MESES XBOX ONE | XBOX SERIES X/S,GAME PASS CORE 12 MESES ONE | SERIES X/S,$190.400,ARS,4925.65,Xbox,https://juegosdigitalesps4ps5.com/productos/game-pass-core-12-meses-xbox-one-xbox-series-x-s/
Jdp4p5,JDP4P5 GamePass,GAME PASS ULTIMATE 4 MESES XBOX ONE | XBOX SERIES X/S | PC,GAME PASS 4 MESES ONE | SERIES X/S |,$202.300,ARS,5233.5,Xbox,https://juegosdigitalesps4ps5.com/productos/game-pass-ultimate-4-meses-xbox-one-xbox-series-x-s-pc/
Jdp4p5,JDP4P5 PS Plus,PS PLUS DELUXE 9 MESES CUENTA AMERICANA PS4 | PS5,PS PLUS 9 MESES AMERICANA |,$213.310,ARS,5518.33,PS5,https://juegosdigitalesps4ps5.com/productos/ps-plus-deluxe-9-meses-cuenta-americana-ps4-ps5/
Eneba,Eneba - Xbox GamePass,Game Pass Ultimate – 6 Month Subscription ( One/ Windows 10),Game Pass Ultimate – 6 Month Subscription ( One/ Windows 10),138.52 USD,USD,5572.36,Xbox,https://www.eneba.com/latam/xbox-xbox-game-pass-ultimate-6-month-subscription-xbox-one-windows-10-xbox-live-key-united-states
Jdp4p5,JDP4P5 PS Plus,PS PLUS DELUXE 12 MESES PS4 | PS5,PS PLUS 12 MESES |,$218.960,ARS,5664.5,PS5,https://juegosdigitalesps4ps5.com/productos/ps-plus-deluxe-12-meses-ps4-ps5/
Jdp4p5,JDP4P5 PS4,PS PLUS DELUXE 12 MESES + WWE 2K25 + GRAN TURISMO 7 + LIES OF P: OVERTURE BUNDLE PS4,PS PLUS 12 MESES + WWE 2K25 + GRAN TURISMO 7 + LIES OF P: OVERTURE BUNDLE,$223.720,ARS,5787.64,PS4,https://juegosdigitalesps4ps5.com/productos/ps-plus-deluxe-12-meses-wwe-2k25-gran-turismo-7-lies-of-p-overture-bundle-ps4/
Jdp4p5,JDP4P5 PS Plus,PS PLUS DELUXE 3 MESES CUENTA AMERICANA PS4 | PS5,PS PLUS 3 MESES AMERICANA |,$226.100,ARS,5849.21,PS5,https://juegosdigitalesps4ps5.com/productos/ps-plus-deluxe-3-meses-cuenta-americana-ps4-ps5/
Jdp4p5,JDP4P5 PS Plus,PS PLUS EXTRA 12 MESES CUENTA AMERICANA PS4 | PS5,PS PLUS EXTRA 12 MESES AMERICANA |,$236.810,ARS,6126.28,PS5,https://juegosdigitalesps4ps5.com/productos/ps-plus-extra-12-meses-cuenta-americana-ps4-ps5/
Jdp4p5,JDP4P5 GamePass,GAME PASS ULTIMATE 6 MESES XBOX ONE | XBOX SERIES X/S | PC,GAME PASS 6 MESES ONE | SERIES X/S |,$261.800,ARS,6772.77,Xbox,https://juegosdigitalesps4ps5.com/productos/game-pass-ultimate-6-meses-xbox-one-xbox-series-x-s-pc/
Jdp4p5,JDP4P5 PS Plus,PS PLUS DELUXE 12 MESES CUENTA AMERICANA PS4 | PS5,PS PLUS 12 MESES AMERICANA |,$284.410,ARS,7357.69,PS5,https://juegosdigitalesps4ps5.com/productos/ps-plus-deluxe-12-meses-cuenta-americana-ps4-ps5/
Jdp4p5,JDP4P5 GamePass,GAME PASS ULTIMATE 10 MESES XBOX ONE | XBOX SERIES X/S | PC,GAME PASS 10 MESES ONE | SERIES X/S |,$368.900,ARS,9543.45,Xbox,https://juegosdigitalesps4ps5.com/productos/game-pass-ultimate-10-meses-xbox-one-xbox-series-x-s-pc/
Jdp4p5,JDP4P5 GamePass,GAME PASS ULTIMATE 12 MESES XBOX ONE | XBOX SERIES X/S | PC,GAME PASS 12 MESES ONE | SERIES X/S |,$428.400,ARS,11082.71,Xbox,https://juegosdigitalesps4ps5.com/productos/game-pass-ultimate-12-meses-xbox-one-xbox-series-x-s-pc/
